Algorithm,Metric,k,Value
random,Precision@k,1,0.4223722275795564
random,Precision@k,2,0.4217695274831244
random,Precision@k,3,0.42277402764384403
random,Precision@k,4,0.4223119575699132
random,Precision@k,5,0.4216007714561238
random,Precision@k,6,0.4200417872066879
random,Precision@k,7,0.42096018735362994
random,Precision@k,8,0.4218297974927676
random,Precision@k,9,0.4218364941605059
random,Precision@k,10,0.42181774349083734
random,Precision@k,11,0.42127640922240617
random,Precision@k,12,0.4215485374477638
random,Precision@k,13,0.42240931681625965
random,Precision@k,14,0.4232332277173191
random,Precision@k,15,0.4225168756027005
random,Precision@k,16,0.4217393924783028
random,Precision@k,17,0.42163480628509464
random,Precision@k,18,0.4217561341476504
random,Precision@k,19,0.4220550170024857
random,Precision@k,20,0.4219382835101226
random,Recall@k,1,0.00025748806982614465
random,Recall@k,2,0.00048715112235361624
random,Recall@k,3,0.0007355670037172758
random,Recall@k,4,0.0009644642571157607
random,Recall@k,5,0.0012010704932468
random,Recall@k,6,0.0014321141767007675
random,Recall@k,7,0.0016818611235755558
random,Recall@k,8,0.0019324908420611513
random,Recall@k,9,0.002165774683241328
random,Recall@k,10,0.0023948116701388916
random,Recall@k,11,0.00262463046903744
random,Recall@k,12,0.0028772319129292193
random,Recall@k,13,0.0031207752094560563
random,Recall@k,14,0.00335707735964094
random,Recall@k,15,0.003591393136056441
random,Recall@k,16,0.0038294937403742573
random,Recall@k,17,0.00406770997683817
random,Recall@k,18,0.004313370444916866
random,Recall@k,19,0.004549127090080522
random,Recall@k,20,0.004775135947218852
random,MRR@k,1,0.4223722275795564
random,MRR@k,2,0.5159112825458052
random,MRR@k,3,0.5488588878174206
random,MRR@k,4,0.5627812600450005
random,MRR@k,5,0.5698690131790419
random,MRR@k,6,0.5740477338476371
random,MRR@k,7,0.5769062543050005
random,MRR@k,8,0.5786540845846535
random,MRR@k,9,0.5799666314613275
random,MRR@k,10,0.5808345196001893
random,MRR@k,11,0.5815577597159074
random,MRR@k,12,0.582280999831626
random,MRR@k,13,0.5828187937638268
random,MRR@k,14,0.5831287538134204
random,MRR@k,15,0.5834501938648506
random,MRR@k,16,0.5837666114154776
random,MRR@k,17,0.5839651479178315
random,MRR@k,18,0.5841124746080705
random,MRR@k,19,0.5842901125312294
random,MRR@k,20,0.5844227065524444
random,nDCG@k,1,0.4223722275795564
random,nDCG@k,2,0.42190591513110576
random,nDCG@k,3,0.42258099905382984
random,nDCG@k,4,0.42230270566264067
random,nDCG@k,5,0.4218373634139222
random,nDCG@k,6,0.4208036118018408
random,nDCG@k,7,0.4213228510354207
random,nDCG@k,8,0.4218490335725325
random,nDCG@k,9,0.4218519369594561
random,nDCG@k,10,0.42183902515258065
random,nDCG@k,11,0.42149336404120274
random,nDCG@k,12,0.4216551322861874
random,nDCG@k,13,0.4221987128361699
random,nDCG@k,14,0.4227344697123765
random,nDCG@k,15,0.4222974318621319
random,nDCG@k,16,0.4218077986537051
random,nDCG@k,17,0.42173802303424274
random,nDCG@k,18,0.42181244871038
random,nDCG@k,19,0.4220034059118308
random,nDCG@k,20,0.42192957569305195
random,Coverage@k,1,0.6299421407907425
random,Coverage@k,2,0.866923818707811
random,Coverage@k,3,0.9517839922854388
random,Coverage@k,4,0.9766152362584378
random,Coverage@k,5,0.9915621986499518
random,Coverage@k,6,0.9951783992285439
random,Coverage@k,7,0.9990356798457087
random,Coverage@k,8,0.9995178399228544
random,Coverage@k,9,1.0
random,Coverage@k,10,1.0
random,Coverage@k,11,1.0
random,Coverage@k,12,1.0
random,Coverage@k,13,1.0
random,Coverage@k,14,1.0
random,Coverage@k,15,1.0
random,Coverage@k,16,1.0
random,Coverage@k,17,1.0
random,Coverage@k,18,1.0
random,Coverage@k,19,1.0
random,Coverage@k,20,1.0
random,Pop@k,1,35.25385728061716
random,Pop@k,2,35.39959016393443
random,Pop@k,3,35.46046287367406
random,Pop@k,4,35.380544840887175
random,Pop@k,5,35.3963837994214
random,Pop@k,6,35.39545162327226
random,Pop@k,7,35.39030858244937
random,Pop@k,8,35.38247348119576
random,Pop@k,9,35.338101360762884
random,Pop@k,10,35.37565091610414
random,Pop@k,11,35.40374331550802
random,Pop@k,12,35.38245339119255
random,Pop@k,13,35.39737408204139
random,Pop@k,14,35.39413142306103
random,Pop@k,15,35.39461587913855
random,Pop@k,16,35.412412608486015
random,Pop@k,17,35.41223268478076
random,Pop@k,18,35.42963141540769
random,Pop@k,19,35.43172359539157
random,Pop@k,20,35.4340043394407
lyrics,Precision@k,1,0.5706364513018322
lyrics,Precision@k,2,0.5606316297010607
lyrics,Precision@k,3,0.5609128897460636
lyrics,Precision@k,4,0.5588235294117647
lyrics,Precision@k,5,0.5565573770491776
lyrics,Precision@k,6,0.5547653487624555
lyrics,Precision@k,7,0.5535197685631653
lyrics,Precision@k,8,0.553369093539055
lyrics,Precision@k,9,0.5521000750026848
lyrics,Precision@k,10,0.5510607521697194
lyrics,Precision@k,11,0.5501884807574317
lyrics,Precision@k,12,0.5496624879459995
lyrics,Precision@k,13,0.548586900081591
lyrics,Precision@k,14,0.5481815677090522
lyrics,Precision@k,15,0.5478302796528413
lyrics,Precision@k,16,0.5469654050144648
lyrics,Precision@k,17,0.5469255204492598
lyrics,Precision@k,18,0.5466222007928849
lyrics,Precision@k,19,0.546160483175154
lyrics,Precision@k,20,0.5453712632594023
lyrics,Recall@k,1,0.0005047701365841227
lyrics,Recall@k,2,0.0009994031940198077
lyrics,Recall@k,3,0.0014819889572020132
lyrics,Recall@k,4,0.001989971465525436
lyrics,Recall@k,5,0.002476794894271083
lyrics,Recall@k,6,0.0029224711944651548
lyrics,Recall@k,7,0.0033852747887978952
lyrics,Recall@k,8,0.0038691555330873702
lyrics,Recall@k,9,0.004296433317970303
lyrics,Recall@k,10,0.0046928282695856876
lyrics,Recall@k,11,0.005176600110563001
lyrics,Recall@k,12,0.005595437220210616
lyrics,Recall@k,13,0.006018971284013973
lyrics,Recall@k,14,0.006419971555505788
lyrics,Recall@k,15,0.006843084047216918
lyrics,Recall@k,16,0.0072126852224847
lyrics,Recall@k,17,0.00763149582755607
lyrics,Recall@k,18,0.008025054265976097
lyrics,Recall@k,19,0.008407016565514104
lyrics,Recall@k,20,0.008804551213084807
lyrics,MRR@k,1,0.5706364513018322
lyrics,MRR@k,2,0.6535679845708775
lyrics,MRR@k,3,0.6770331083252995
lyrics,MRR@k,4,0.6873392799742871
lyrics,MRR@k,5,0.6916787206685974
lyrics,MRR@k,6,0.6941297010607538
lyrics,MRR@k,7,0.6958517013362747
lyrics,MRR@k,8,0.6969666965146739
lyrics,MRR@k,9,0.6977435099722976
lyrics,MRR@k,10,0.6985149660957302
lyrics,MRR@k,11,0.6988656279700176
lyrics,MRR@k,12,0.6992473380310913
lyrics,MRR@k,13,0.699544051924719
lyrics,MRR@k,14,0.6997679119605368
lyrics,MRR@k,15,0.700057208006824
lyrics,MRR@k,16,0.7002530855381645
lyrics,MRR@k,17,0.7004090785042997
lyrics,MRR@k,18,0.7005162251881099
lyrics,MRR@k,19,0.7006050441496892
lyrics,MRR@k,20,0.7007014761651185
lyrics,nDCG@k,1,0.5706364513018322
lyrics,nDCG@k,2,0.5628956646575524
lyrics,nDCG@k,3,0.5625624169709269
lyrics,nDCG@k,4,0.5608799700010455
lyrics,nDCG@k,5,0.5591235010721952
lyrics,nDCG@k,6,0.5576879334498877
lyrics,nDCG@k,7,0.5566264283079517
lyrics,nDCG@k,8,0.5562918058911128
lyrics,nDCG@k,9,0.5552852790425817
lyrics,nDCG@k,10,0.5544289481447355
lyrics,nDCG@k,11,0.5536958185947394
lyrics,nDCG@k,12,0.5531831626365132
lyrics,nDCG@k,13,0.5523324823300626
lyrics,nDCG@k,14,0.5519099939679045
lyrics,nDCG@k,15,0.5515329607600383
lyrics,nDCG@k,16,0.550836487075396
lyrics,nDCG@k,17,0.5506705458161315
lyrics,nDCG@k,18,0.5503469463378338
lyrics,nDCG@k,19,0.5499278623399135
lyrics,nDCG@k,20,0.5493007025201497
lyrics,Coverage@k,1,0.4038090646094503
lyrics,Coverage@k,2,0.5467695274831244
lyrics,Coverage@k,3,0.636933461909354
lyrics,Coverage@k,4,0.6926229508196722
lyrics,Coverage@k,5,0.7336065573770492
lyrics,Coverage@k,6,0.7656702025072324
lyrics,Coverage@k,7,0.7902603664416586
lyrics,Coverage@k,8,0.8085824493731919
lyrics,Coverage@k,9,0.8223240115718419
lyrics,Coverage@k,10,0.8326904532304725
lyrics,Coverage@k,11,0.8461909353905497
lyrics,Coverage@k,12,0.8572806171648988
lyrics,Coverage@k,13,0.8666827386692382
lyrics,Coverage@k,14,0.874397299903568
lyrics,Coverage@k,15,0.883076181292189
lyrics,Coverage@k,16,0.8895853423336548
lyrics,Coverage@k,17,0.8953712632594021
lyrics,Coverage@k,18,0.9011571841851495
lyrics,Coverage@k,19,0.9069431051108968
lyrics,Coverage@k,20,0.9110414657666345
lyrics,Pop@k,1,37.65115718418515
lyrics,Pop@k,2,37.87512054001929
lyrics,Pop@k,3,37.77700096432015
lyrics,Pop@k,4,37.81322324011572
lyrics,Pop@k,5,37.790405014464795
lyrics,Pop@k,6,37.768040822886526
lyrics,Pop@k,7,37.77180052348809
lyrics,Pop@k,8,37.771486258437804
lyrics,Pop@k,9,37.78584056573449
lyrics,Pop@k,10,37.77528929604628
lyrics,Pop@k,11,37.77533532041729
lyrics,Pop@k,12,37.78061716489874
lyrics,Pop@k,13,37.74512276537349
lyrics,Pop@k,14,37.73265945722551
lyrics,Pop@k,15,37.7420443587271
lyrics,Pop@k,16,37.72742888138862
lyrics,Pop@k,17,37.70386862556016
lyrics,Pop@k,18,37.681439515696994
lyrics,Pop@k,19,37.64845455006852
lyrics,Pop@k,20,37.637668756027
audio,Precision@k,1,0.5969141755062681
audio,Precision@k,2,0.5844985535197685
audio,Precision@k,3,0.5842172934747657
audio,Precision@k,4,0.5831726133076182
audio,Precision@k,5,0.5787849566055899
audio,Precision@k,6,0.5777884924461584
audio,Precision@k,7,0.5761468521834994
audio,Precision@k,8,0.5741019768563163
audio,Precision@k,9,0.5736633451194725
audio,Precision@k,10,0.5734329797492778
audio,Precision@k,11,0.5716446041904132
audio,Precision@k,12,0.5701342012214727
audio,Precision@k,13,0.5694495957273137
audio,Precision@k,14,0.5689488910318223
audio,Precision@k,15,0.567855994856956
audio,Precision@k,16,0.5678188283510125
audio,Precision@k,17,0.5671053377956817
audio,Precision@k,18,0.5663639772849048
audio,Precision@k,19,0.5654722631071454
audio,Precision@k,20,0.5645732883317259
audio,Recall@k,1,0.0005555429470695058
audio,Recall@k,2,0.0009757639662397891
audio,Recall@k,3,0.001378457880757766
audio,Recall@k,4,0.0017792375000483477
audio,Recall@k,5,0.0024385589014858694
audio,Recall@k,6,0.002874954923703344
audio,Recall@k,7,0.003317569966801507
audio,Recall@k,8,0.0037084759820523567
audio,Recall@k,9,0.00410149982355987
audio,Recall@k,10,0.004485647109354099
audio,Recall@k,11,0.004853427551219412
audio,Recall@k,12,0.005236644676402449
audio,Recall@k,13,0.005630644275908339
audio,Recall@k,14,0.005998651007231283
audio,Recall@k,15,0.006373785293282156
audio,Recall@k,16,0.006755126160500149
audio,Recall@k,17,0.007143402029896354
audio,Recall@k,18,0.007505904532895269
audio,Recall@k,19,0.007924503244235978
audio,Recall@k,20,0.008277726271053021
audio,MRR@k,1,0.5969141755062681
audio,MRR@k,2,0.6727338476374156
audio,MRR@k,3,0.6945114111218272
audio,MRR@k,4,0.7037327225972371
audio,MRR@k,5,0.7075417872066873
audio,MRR@k,6,0.7108767277402771
audio,MRR@k,7,0.7127709280433496
audio,MRR@k,8,0.7137352481976409
audio,MRR@k,9,0.7147799283647901
audio,MRR@k,10,0.7152620884419355
audio,MRR@k,11,0.7156346666833658
audio,MRR@k,12,0.7159159267283677
audio,MRR@k,13,0.7161384621485887
audio,MRR@k,14,0.7163623221844062
audio,MRR@k,15,0.7165551862152643
audio,MRR@k,16,0.7168113337562481
audio,MRR@k,17,0.7169815079011228
audio,MRR@k,18,0.717088654584933
audio,MRR@k,19,0.7172536040850092
audio,MRR@k,20,0.7173138740946525
audio,nDCG@k,1,0.5969141755062681
audio,nDCG@k,2,0.5873081390681869
audio,nDCG@k,3,0.5864509156713825
audio,nDCG@k,4,0.5853728242637276
audio,nDCG@k,5,0.5822673627908008
audio,nDCG@k,6,0.5812698245062689
audio,nDCG@k,7,0.5799220347797803
audio,nDCG@k,8,0.5783427257140593
audio,nDCG@k,9,0.5777875445816614
audio,nDCG@k,10,0.5774003571850439
audio,nDCG@k,11,0.5760527832466681
audio,nDCG@k,12,0.5748752519026912
audio,nDCG@k,13,0.5742230196113928
audio,nDCG@k,14,0.5737011321087897
audio,nDCG@k,15,0.5728159171743288
audio,nDCG@k,16,0.5726090454245779
audio,nDCG@k,17,0.5719899510664557
audio,nDCG@k,18,0.571352951413555
audio,nDCG@k,19,0.5706295205718022
audio,nDCG@k,20,0.5698954210771685
audio,Coverage@k,1,0.48987463837994216
audio,Coverage@k,2,0.6518804243008679
audio,Coverage@k,3,0.7427675988428158
audio,Coverage@k,4,0.7905014464802315
audio,Coverage@k,5,0.8281099324975892
audio,Coverage@k,6,0.8539054966248795
audio,Coverage@k,7,0.8739151398264223
audio,Coverage@k,8,0.8912729026036644
audio,Coverage@k,9,0.9052555448408872
audio,Coverage@k,10,0.916586306653809
audio,Coverage@k,11,0.9274349083895853
audio,Coverage@k,12,0.9349083895853423
audio,Coverage@k,13,0.9428640308582449
audio,Coverage@k,14,0.9481677917068466
audio,Coverage@k,15,0.9525072324011572
audio,Coverage@k,16,0.956364513018322
audio,Coverage@k,17,0.9607039537126326
audio,Coverage@k,18,0.9633558341369335
audio,Coverage@k,19,0.96648987463838
audio,Coverage@k,20,0.968900675024108
audio,Pop@k,1,36.86620057859209
audio,Pop@k,2,36.70841369334619
audio,Pop@k,3,36.73682095789135
audio,Pop@k,4,36.75132594021215
audio,Pop@k,5,36.76475409836066
audio,Pop@k,6,36.80966730954677
audio,Pop@k,7,36.81698581071773
audio,Pop@k,8,36.826000482160076
audio,Pop@k,9,36.80285010178934
audio,Pop@k,10,36.82562680810029
audio,Pop@k,11,36.8702331901464
audio,Pop@k,12,36.891815332690456
audio,Pop@k,13,36.897911875973584
audio,Pop@k,14,36.91495040639206
audio,Pop@k,15,36.910784313725486
audio,Pop@k,16,36.90267900192864
audio,Pop@k,17,36.92540699982982
audio,Pop@k,18,36.89938926390228
audio,Pop@k,19,36.90670202507233
audio,Pop@k,20,36.91739392478303
video,Precision@k,1,0.5527965284474445
video,Precision@k,2,0.5318225650916104
video,Precision@k,3,0.5204114432658329
video,Precision@k,4,0.5133799421407907
video,Precision@k,5,0.5092574734811931
video,Precision@k,6,0.5079154612664741
video,Precision@k,7,0.5052004408320738
video,Precision@k,8,0.5037668756027001
video,Precision@k,9,0.5020357869923954
video,Precision@k,10,0.5013500482160075
video,Precision@k,11,0.49993425089857196
video,Precision@k,12,0.4985535197685634
video,Precision@k,13,0.4981269935464683
video,Precision@k,14,0.49758919961427434
video,Precision@k,15,0.49660880745740765
video,Precision@k,16,0.4954948167791707
video,Precision@k,17,0.49429916614668995
video,Precision@k,18,0.4944417657773515
video,Precision@k,19,0.4937319189971075
video,Precision@k,20,0.49367164898746296
video,Recall@k,1,0.0004908331752628744
video,Recall@k,2,0.0008787944793974216
video,Recall@k,3,0.001209370309808629
video,Recall@k,4,0.0015232504091877595
video,Recall@k,5,0.001822668268421865
video,Recall@k,6,0.002119842259514239
video,Recall@k,7,0.002417406042629945
video,Recall@k,8,0.0027075374376390035
video,Recall@k,9,0.003022457822001823
video,Recall@k,10,0.0035711381692371466
video,Recall@k,11,0.003853390698238929
video,Recall@k,12,0.0041509180816928885
video,Recall@k,13,0.004458112902667175
video,Recall@k,14,0.004746906990405408
video,Recall@k,15,0.005018670913524131
video,Recall@k,16,0.005298299941956515
video,Recall@k,17,0.00557187707588563
video,Recall@k,18,0.005892846224333154
video,Recall@k,19,0.006183902889873815
video,Recall@k,20,0.006469957291615555
video,MRR@k,1,0.5527965284474445
video,MRR@k,2,0.6307859209257474
video,MRR@k,3,0.6562600450016084
video,MRR@k,4,0.6650594664095159
video,MRR@k,5,0.6700257152041149
video,MRR@k,6,0.6733204757312767
video,MRR@k,7,0.6754901960784327
video,MRR@k,8,0.6766955962712968
video,MRR@k,9,0.6780617164898766
video,MRR@k,10,0.6787608486017376
video,MRR@k,11,0.6791991759445968
video,MRR@k,12,0.6795407059992417
video,MRR@k,13,0.6798745091295729
video,MRR@k,14,0.6802016891819217
video,MRR@k,15,0.6804427692204945
video,MRR@k,16,0.6806537142542459
video,MRR@k,17,0.6807388013266832
video,MRR@k,18,0.6809664880297799
video,MRR@k,19,0.6811187491067732
video,MRR@k,20,0.6812754511318456
video,nDCG@k,1,0.5527965284474445
video,nDCG@k,2,0.536568855241366
video,nDCG@k,3,0.527422693674623
video,nDCG@k,4,0.5215151535754488
video,nDCG@k,5,0.5177433284284662
video,nDCG@k,6,0.5159607191263654
video,nDCG@k,7,0.5134822141252147
video,nDCG@k,8,0.5119201601651645
video,nDCG@k,9,0.5102532437565015
video,nDCG@k,10,0.5093596122474014
video,nDCG@k,11,0.5080096214367288
video,nDCG@k,12,0.5067148683829682
video,nDCG@k,13,0.5060546308652651
video,nDCG@k,14,0.5053607124282576
video,nDCG@k,15,0.5044124082551027
video,nDCG@k,16,0.5033959138823825
video,nDCG@k,17,0.5023389308528442
video,nDCG@k,18,0.5021529684072072
video,nDCG@k,19,0.5014423142563637
video,nDCG@k,20,0.5011628567170866
video,Coverage@k,1,0.4910800385728062
video,Coverage@k,2,0.6395853423336548
video,Coverage@k,3,0.7070877531340405
video,Coverage@k,4,0.759884281581485
video,Coverage@k,5,0.7950819672131147
video,Coverage@k,6,0.8191899710703954
video,Coverage@k,7,0.8387174541947927
video,Coverage@k,8,0.8522179363548699
video,Coverage@k,9,0.8657184185149469
video,Coverage@k,10,0.8763259402121505
video,Coverage@k,11,0.8845226615236258
video,Coverage@k,12,0.8895853423336548
video,Coverage@k,13,0.8963355834136933
video,Coverage@k,14,0.8999517839922855
video,Coverage@k,15,0.904291224686596
video,Coverage@k,16,0.909112825458052
video,Coverage@k,17,0.9120057859209257
video,Coverage@k,18,0.9158630665380907
video,Coverage@k,19,0.9199614271938283
video,Coverage@k,20,0.9230954676952748
video,Pop@k,1,36.25916104146577
video,Pop@k,2,36.47239633558341
video,Pop@k,3,36.55978784956606
video,Pop@k,4,36.583835583413695
video,Pop@k,5,36.59498553519769
video,Pop@k,6,36.54210864673739
video,Pop@k,7,36.64020526243284
video,Pop@k,8,36.68623432979749
video,Pop@k,9,36.66658630665381
video,Pop@k,10,36.70578592092574
video,Pop@k,11,36.70439203997546
video,Pop@k,12,36.73250160720026
video,Pop@k,13,36.759865736963135
video,Pop@k,14,36.778636864581905
video,Pop@k,15,36.817936354869815
video,Pop@k,16,36.83513138862102
video,Pop@k,17,36.87641102728459
video,Pop@k,18,36.90307243115826
video,Pop@k,19,36.93195198700706
video,Pop@k,20,36.94710703953712
early_fusion,Precision@k,1,0.6576663452266153
early_fusion,Precision@k,2,0.6456123432979749
early_fusion,Precision@k,3,0.6358084217293468
early_fusion,Precision@k,4,0.6323529411764706
early_fusion,Precision@k,5,0.6289778206364511
early_fusion,Precision@k,6,0.6250803600128562
early_fusion,Precision@k,7,0.6225030996004957
early_fusion,Precision@k,8,0.6209016393442623
early_fusion,Precision@k,9,0.6194417657773512
early_fusion,Precision@k,10,0.6177193828351065
early_fusion,Precision@k,11,0.6162882440606693
early_fusion,Precision@k,12,0.6142116682738666
early_fusion,Precision@k,13,0.6129367257621791
early_fusion,Precision@k,14,0.6115683978509425
early_fusion,Precision@k,15,0.6099485695917648
early_fusion,Precision@k,16,0.6093147299903569
early_fusion,Precision@k,17,0.6085143797152508
early_fusion,Precision@k,18,0.6074949105325183
early_fusion,Precision@k,19,0.606481246510688
early_fusion,Precision@k,20,0.6056653809064605
early_fusion,Recall@k,1,0.0006748366040511866
early_fusion,Recall@k,2,0.0012162565065678382
early_fusion,Recall@k,3,0.0017458236017090223
early_fusion,Recall@k,4,0.0022783377667063617
early_fusion,Recall@k,5,0.002860458654326182
early_fusion,Recall@k,6,0.0033295575623636378
early_fusion,Recall@k,7,0.0037848165699906748
early_fusion,Recall@k,8,0.004293746838374696
early_fusion,Recall@k,9,0.004743156716932302
early_fusion,Recall@k,10,0.005193798735632018
early_fusion,Recall@k,11,0.005662133855016092
early_fusion,Recall@k,12,0.006163920393014998
early_fusion,Recall@k,13,0.006606626188073601
early_fusion,Recall@k,14,0.0070306890406916685
early_fusion,Recall@k,15,0.0074553253697618865
early_fusion,Recall@k,16,0.007883615843155507
early_fusion,Recall@k,17,0.008310592227165518
early_fusion,Recall@k,18,0.008747077065755664
early_fusion,Recall@k,19,0.009170238001308954
early_fusion,Recall@k,20,0.009603701398275809
early_fusion,MRR@k,1,0.6576663452266153
early_fusion,MRR@k,2,0.7287849566055931
early_fusion,MRR@k,3,0.7470266795242705
early_fusion,MRR@k,4,0.7546207007393139
early_fusion,MRR@k,5,0.7585261973641928
early_fusion,MRR@k,6,0.759811957569914
early_fusion,MRR@k,7,0.7614650778344138
early_fusion,MRR@k,8,0.762429397988705
early_fusion,MRR@k,9,0.762965131407756
early_fusion,MRR@k,10,0.7633026434617576
early_fusion,MRR@k,11,0.7636752217031881
early_fusion,MRR@k,12,0.7639564817481898
early_fusion,MRR@k,13,0.764141927931707
early_fusion,MRR@k,14,0.764228027945483
early_fusion,MRR@k,15,0.7643405319634835
early_fusion,MRR@k,16,0.7644761394851808
early_fusion,MRR@k,17,0.7645612265576183
early_fusion,MRR@k,18,0.7646951599123809
early_fusion,MRR@k,19,0.7648474209893745
early_fusion,MRR@k,20,0.7649197450009464
early_fusion,nDCG@k,1,0.6576663452266153
early_fusion,nDCG@k,2,0.6483400962576065
early_fusion,nDCG@k,3,0.6407989003050762
early_fusion,nDCG@k,4,0.6376360177093736
early_fusion,nDCG@k,5,0.6347286864830438
early_fusion,nDCG@k,6,0.6315950005445476
early_fusion,nDCG@k,7,0.629350891693888
early_fusion,nDCG@k,8,0.6278017419143296
early_fusion,nDCG@k,9,0.6264012219345458
early_fusion,nDCG@k,10,0.6248782646669871
early_fusion,nDCG@k,11,0.6235723279463652
early_fusion,nDCG@k,12,0.6218868250444987
early_fusion,nDCG@k,13,0.6207115557900287
early_fusion,nDCG@k,14,0.6194961339480759
early_fusion,nDCG@k,15,0.6181338475624945
early_fusion,nDCG@k,16,0.6174109987980849
early_fusion,nDCG@k,17,0.616601658567349
early_fusion,nDCG@k,18,0.6156662102738515
early_fusion,nDCG@k,19,0.6147442736887755
early_fusion,nDCG@k,20,0.6139586305055381
early_fusion,Coverage@k,1,0.3789778206364513
early_fusion,Coverage@k,2,0.49397299903567987
early_fusion,Coverage@k,3,0.56099324975892
early_fusion,Coverage@k,4,0.6089681774349084
early_fusion,Coverage@k,5,0.6419961427193829
early_fusion,Coverage@k,6,0.6682738669238187
early_fusion,Coverage@k,7,0.6909353905496625
early_fusion,Coverage@k,8,0.7061234329797492
early_fusion,Coverage@k,9,0.7227579556412729
early_fusion,Coverage@k,10,0.7352941176470589
early_fusion,Coverage@k,11,0.7473481195756991
early_fusion,Coverage@k,12,0.7579556412729026
early_fusion,Coverage@k,13,0.7700096432015429
early_fusion,Coverage@k,14,0.7757955641272902
early_fusion,Coverage@k,15,0.7837512054001928
early_fusion,Coverage@k,16,0.7895371263259402
early_fusion,Coverage@k,17,0.7967695274831244
early_fusion,Coverage@k,18,0.8025554484088717
early_fusion,Coverage@k,19,0.8078592092574735
early_fusion,Coverage@k,20,0.8119575699132112
early_fusion,Pop@k,1,39.18683702989392
early_fusion,Pop@k,2,39.83678881388621
early_fusion,Pop@k,3,39.840565734490525
early_fusion,Pop@k,4,39.8904893924783
early_fusion,Pop@k,5,39.995949855351974
early_fusion,Pop@k,6,39.99975891996143
early_fusion,Pop@k,7,40.00378840060615
early_fusion,Pop@k,8,40.00455038572806
early_fusion,Pop@k,9,39.98462445087325
early_fusion,Pop@k,10,39.99021215043394
early_fusion,Pop@k,11,40.023340931007276
early_fusion,Pop@k,12,40.02655898424944
early_fusion,Pop@k,13,40.062384096135304
early_fusion,Pop@k,14,40.041655186664826
early_fusion,Pop@k,15,40.048280295724844
early_fusion,Pop@k,16,40.06952145612343
early_fusion,Pop@k,17,40.07724488059448
early_fusion,Pop@k,18,40.107401157184185
early_fusion,Pop@k,19,40.08994823123383
early_fusion,Pop@k,20,40.08060511089682
late_fusion,Precision@k,1,0.654291224686596
late_fusion,Precision@k,2,0.6363307618129219
late_fusion,Precision@k,3,0.6272099003535826
late_fusion,Precision@k,4,0.6229508196721312
late_fusion,Precision@k,5,0.6228061716489868
late_fusion,Precision@k,6,0.6198569591771133
late_fusion,Precision@k,7,0.6170960187353632
late_fusion,Precision@k,8,0.6148746383799422
late_fusion,Precision@k,9,0.6119414979106418
late_fusion,Precision@k,10,0.6094503375120591
late_fusion,Precision@k,11,0.6086394319277678
late_fusion,Precision@k,12,0.6084860173577626
late_fusion,Precision@k,13,0.6068726355611568
late_fusion,Precision@k,14,0.6061613169858102
late_fusion,Precision@k,15,0.6047251687560229
late_fusion,Precision@k,16,0.6031219864995179
late_fusion,Precision@k,17,0.6026717340745424
late_fusion,Precision@k,18,0.6015616629165313
late_fusion,Precision@k,19,0.6006699487387757
late_fusion,Precision@k,20,0.5996504339440699
late_fusion,Recall@k,1,0.0006676850304789206
late_fusion,Recall@k,2,0.0011879347120564141
late_fusion,Recall@k,3,0.0017194133681902538
late_fusion,Recall@k,4,0.002204028631855552
late_fusion,Recall@k,5,0.0026930323055460678
late_fusion,Recall@k,6,0.0032025707117870257
late_fusion,Recall@k,7,0.003714785794578932
late_fusion,Recall@k,8,0.00420317788072025
late_fusion,Recall@k,9,0.004645037433070625
late_fusion,Recall@k,10,0.0050720374175900465
late_fusion,Recall@k,11,0.005573838762593615
late_fusion,Recall@k,12,0.0060147689242351305
late_fusion,Recall@k,13,0.006470183847124038
late_fusion,Recall@k,14,0.006920393209977108
late_fusion,Recall@k,15,0.007365567242538636
late_fusion,Recall@k,16,0.007789716708742198
late_fusion,Recall@k,17,0.008243547245645945
late_fusion,Recall@k,18,0.008653556093469588
late_fusion,Recall@k,19,0.009081735337184151
late_fusion,Recall@k,20,0.009504682044169913
late_fusion,MRR@k,1,0.654291224686596
late_fusion,MRR@k,2,0.7250482160077145
late_fusion,MRR@k,3,0.7426470588235313
late_fusion,MRR@k,4,0.7506629701060771
late_fusion,MRR@k,5,0.7549541947926723
late_fusion,MRR@k,6,0.7569631951141119
late_fusion,MRR@k,7,0.7584441153510597
late_fusion,MRR@k,8,0.7591974904715997
late_fusion,MRR@k,9,0.759760010561603
late_fusion,MRR@k,10,0.7600975226156048
late_fusion,MRR@k,11,0.7605358499584642
late_fusion,MRR@k,12,0.7608572900098947
late_fusion,MRR@k,13,0.7610241915750603
late_fusion,MRR@k,14,0.7611275115915915
late_fusion,MRR@k,15,0.7612239436070205
late_fusion,MRR@k,16,0.7613896861335393
late_fusion,MRR@k,17,0.7615173167421954
late_fusion,MRR@k,18,0.7615441034131479
late_fusion,MRR@k,19,0.7616709876439759
late_fusion,MRR@k,20,0.7617553656574765
late_fusion,nDCG@k,1,0.654291224686596
late_fusion,nDCG@k,2,0.6403951137227721
late_fusion,nDCG@k,3,0.6330211174107881
late_fusion,nDCG@k,4,0.6291798168372131
late_fusion,nDCG@k,5,0.628267648005909
late_fusion,nDCG@k,6,0.625771601373794
late_fusion,nDCG@k,7,0.6234640287447109
late_fusion,nDCG@k,8,0.6215590550517383
late_fusion,nDCG@k,9,0.6192330660594975
late_fusion,nDCG@k,10,0.6171975835758463
late_fusion,nDCG@k,11,0.6162501598336108
late_fusion,nDCG@k,12,0.6157607013881042
late_fusion,nDCG@k,13,0.6143864418154655
late_fusion,nDCG@k,14,0.613599840791139
late_fusion,nDCG@k,15,0.6123836144736005
late_fusion,nDCG@k,16,0.6110589413439681
late_fusion,nDCG@k,17,0.6104858951864475
late_fusion,nDCG@k,18,0.6095011012478693
late_fusion,nDCG@k,19,0.6086649930262539
late_fusion,nDCG@k,20,0.6077555971252344
late_fusion,Coverage@k,1,0.38162970106075217
late_fusion,Coverage@k,2,0.5007232401157184
late_fusion,Coverage@k,3,0.5665380906460945
late_fusion,Coverage@k,4,0.6142719382835101
late_fusion,Coverage@k,5,0.650433944069431
late_fusion,Coverage@k,6,0.6750241080038573
late_fusion,Coverage@k,7,0.6984088717454194
late_fusion,Coverage@k,8,0.7167309546769528
late_fusion,Coverage@k,9,0.7324011571841852
late_fusion,Coverage@k,10,0.7446962391513983
late_fusion,Coverage@k,11,0.7557859209257474
late_fusion,Coverage@k,12,0.7656702025072324
late_fusion,Coverage@k,13,0.7741080038572806
late_fusion,Coverage@k,14,0.7830279652844745
late_fusion,Coverage@k,15,0.7914657666345226
late_fusion,Coverage@k,16,0.7989392478302797
late_fusion,Coverage@k,17,0.803519768563163
late_fusion,Coverage@k,18,0.8100289296046287
late_fusion,Coverage@k,19,0.8160559305689489
late_fusion,Coverage@k,20,0.8220829315332691
late_fusion,Pop@k,1,39.01229508196721
late_fusion,Pop@k,2,39.6321118611379
late_fusion,Pop@k,3,39.72412407585985
late_fusion,Pop@k,4,39.708654773384765
late_fusion,Pop@k,5,39.7466730954677
late_fusion,Pop@k,6,39.78692542590807
late_fusion,Pop@k,7,39.80865132938421
late_fusion,Pop@k,8,39.80816055930569
late_fusion,Pop@k,9,39.82727954569806
late_fusion,Pop@k,10,39.88247348119576
late_fusion,Pop@k,11,39.89166739721224
late_fusion,Pop@k,12,39.89794278367085
late_fusion,Pop@k,13,39.91997997181218
late_fusion,Pop@k,14,39.92636726821876
late_fusion,Pop@k,15,39.914721954355514
late_fusion,Pop@k,16,39.935496022179365
late_fusion,Pop@k,17,39.95644960009076
late_fusion,Pop@k,18,39.96093164041574
late_fusion,Pop@k,19,39.98101811906817
late_fusion,Pop@k,20,39.95983606557377
early_AT,Precision@k,1,0.6265670202507232
early_AT,Precision@k,2,0.6181292189006751
early_AT,Precision@k,3,0.6138701382192199
early_AT,Precision@k,4,0.6120419479267116
early_AT,Precision@k,5,0.6108486017357745
early_AT,Precision@k,6,0.6102137576342009
early_AT,Precision@k,7,0.6094158975065443
early_AT,Precision@k,8,0.608094262295082
early_AT,Precision@k,9,0.6063430836815633
early_AT,Precision@k,10,0.6051108968177463
early_AT,Precision@k,11,0.6041904093977413
early_AT,Precision@k,12,0.6027804564448745
early_AT,Precision@k,13,0.6014576070024441
early_AT,Precision@k,14,0.6005992560958789
early_AT,Precision@k,15,0.5993089038894187
early_AT,Precision@k,16,0.5981949132111861
early_AT,Precision@k,17,0.5977508650519102
early_AT,Precision@k,18,0.5974231222543646
early_AT,Precision@k,19,0.5970918134294332
early_AT,Precision@k,20,0.596648987463839
early_AT,Recall@k,1,0.0006005498696496954
early_AT,Recall@k,2,0.0011587573296163464
early_AT,Recall@k,3,0.0016799729449884623
early_AT,Recall@k,4,0.0022845432593866302
early_AT,Recall@k,5,0.0027930125818244095
early_AT,Recall@k,6,0.003324820380366007
early_AT,Recall@k,7,0.003843895005110835
early_AT,Recall@k,8,0.004315967975260071
early_AT,Recall@k,9,0.0048075115838128665
early_AT,Recall@k,10,0.005291119466102529
early_AT,Recall@k,11,0.005798634293030774
early_AT,Recall@k,12,0.006303896947571176
early_AT,Recall@k,13,0.0067484874204924005
early_AT,Recall@k,14,0.007211677266194602
early_AT,Recall@k,15,0.007639805242111799
early_AT,Recall@k,16,0.008084374155268834
early_AT,Recall@k,17,0.008540560030147068
early_AT,Recall@k,18,0.008957721840657486
early_AT,Recall@k,19,0.009414026046350974
early_AT,Recall@k,20,0.009846124652026628
early_AT,MRR@k,1,0.6265670202507232
early_AT,MRR@k,2,0.7076904532304725
early_AT,MRR@k,3,0.7258518161362917
early_AT,MRR@k,4,0.7336869173899079
early_AT,MRR@k,5,0.736917389906783
early_AT,MRR@k,6,0.7394085503053683
early_AT,MRR@k,7,0.7410272305643579
early_AT,MRR@k,8,0.7419915507186491
early_AT,MRR@k,9,0.742821937518178
early_AT,MRR@k,10,0.7434005296107526
early_AT,MRR@k,11,0.743838856953612
early_AT,MRR@k,12,0.7442406570179
early_AT,MRR@k,13,0.7444261032014174
early_AT,MRR@k,14,0.7445294232179485
early_AT,MRR@k,15,0.7445937112282345
early_AT,MRR@k,16,0.7447895887595749
early_AT,MRR@k,17,0.7449597629044497
early_AT,MRR@k,18,0.7450401229173074
early_AT,MRR@k,19,0.7451670071481351
early_AT,MRR@k,20,0.7452152231558498
early_AT,nDCG@k,1,0.6265670202507232
early_AT,nDCG@k,2,0.6200386459724173
early_AT,nDCG@k,3,0.6165925752862552
early_AT,nDCG@k,4,0.6149053821306647
early_AT,nDCG@k,5,0.6137468196265858
early_AT,nDCG@k,6,0.6130420169826468
early_AT,nDCG@k,7,0.612286591444467
early_AT,nDCG@k,8,0.6112295795909066
early_AT,nDCG@k,9,0.6099065304737219
early_AT,nDCG@k,10,0.6089084342538598
early_AT,nDCG@k,11,0.608123370779174
early_AT,nDCG@k,12,0.6070352026047625
early_AT,nDCG@k,13,0.6059954888808441
early_AT,nDCG@k,14,0.6052518547439947
early_AT,nDCG@k,15,0.6042397664427541
early_AT,nDCG@k,16,0.6033392295141793
early_AT,nDCG@k,17,0.602870093827959
early_AT,nDCG@k,18,0.6024859432015329
early_AT,nDCG@k,19,0.6021096770807414
early_AT,nDCG@k,20,0.6016700280468464
early_AT,Coverage@k,1,0.37439729990356796
early_AT,Coverage@k,2,0.5067502410800385
early_AT,Coverage@k,3,0.595708775313404
early_AT,Coverage@k,4,0.6511571841851495
early_AT,Coverage@k,5,0.6933461909353905
early_AT,Coverage@k,6,0.7297492767598843
early_AT,Coverage@k,7,0.7531340405014465
early_AT,Coverage@k,8,0.7748312439729991
early_AT,Coverage@k,9,0.7909836065573771
early_AT,Coverage@k,10,0.8032786885245902
early_AT,Coverage@k,11,0.8170202507232401
early_AT,Coverage@k,12,0.8326904532304725
early_AT,Coverage@k,13,0.843297974927676
early_AT,Coverage@k,14,0.8514946962391514
early_AT,Coverage@k,15,0.8589681774349084
early_AT,Coverage@k,16,0.866923818707811
early_AT,Coverage@k,17,0.8736740597878495
early_AT,Coverage@k,18,0.8799421407907425
early_AT,Coverage@k,19,0.8857280617164899
early_AT,Coverage@k,20,0.889344262295082
early_AT,Pop@k,1,38.64946962391514
early_AT,Pop@k,2,38.537246865959496
early_AT,Pop@k,3,38.53801028608165
early_AT,Pop@k,4,38.49945756991321
early_AT,Pop@k,5,38.49484088717455
early_AT,Pop@k,6,38.459257473481195
early_AT,Pop@k,7,38.40535886485742
early_AT,Pop@k,8,38.46893081002893
early_AT,Pop@k,9,38.40442515804136
early_AT,Pop@k,10,38.43625843780135
early_AT,Pop@k,11,38.38222144297361
early_AT,Pop@k,12,38.35934988749598
early_AT,Pop@k,13,38.37044729619465
early_AT,Pop@k,14,38.369007439041184
early_AT,Pop@k,15,38.37074895531984
early_AT,Pop@k,16,38.33475470106075
early_AT,Pop@k,17,38.32633728515515
early_AT,Pop@k,18,38.309707489553205
early_AT,Pop@k,19,38.32148657564838
early_AT,Pop@k,20,38.32421648987463
late_AT,Precision@k,1,0.6174059787849566
late_AT,Precision@k,2,0.610655737704918
late_AT,Precision@k,3,0.6080842172934734
late_AT,Precision@k,4,0.6063765670202508
late_AT,Precision@k,5,0.6053037608486004
late_AT,Precision@k,6,0.6044680167148834
late_AT,Precision@k,7,0.6031478165036527
late_AT,Precision@k,8,0.6017056412729026
late_AT,Precision@k,9,0.6006375227686754
late_AT,Precision@k,10,0.5994455159112844
late_AT,Precision@k,11,0.5986236521434232
late_AT,Precision@k,12,0.5964922854387658
late_AT,Precision@k,13,0.5960796676804346
late_AT,Precision@k,14,0.5958981953437099
late_AT,Precision@k,15,0.5950337512053947
late_AT,Precision@k,16,0.5938102700096431
late_AT,Precision@k,17,0.5931845254977645
late_AT,Precision@k,18,0.592601521482909
late_AT,Precision@k,19,0.5914327767345116
late_AT,Precision@k,20,0.5911162005785918
late_AT,Recall@k,1,0.0005388262914706799
late_AT,Recall@k,2,0.0011590949770612074
late_AT,Recall@k,3,0.0017084876808233628
late_AT,Recall@k,4,0.0022332551856119156
late_AT,Recall@k,5,0.002758387801073575
late_AT,Recall@k,6,0.0032815113636434383
late_AT,Recall@k,7,0.0037505574321414392
late_AT,Recall@k,8,0.0042904698141022
late_AT,Recall@k,9,0.004787510308140038
late_AT,Recall@k,10,0.005268519235050905
late_AT,Recall@k,11,0.0057284035054882
late_AT,Recall@k,12,0.006164794950366801
late_AT,Recall@k,13,0.006676820703066647
late_AT,Recall@k,14,0.0071684469696782814
late_AT,Recall@k,15,0.007588116621439184
late_AT,Recall@k,16,0.00803669687523567
late_AT,Recall@k,17,0.008469545312589056
late_AT,Recall@k,18,0.00889837306551337
late_AT,Recall@k,19,0.009333879928714064
late_AT,Recall@k,20,0.009749119326085657
late_AT,MRR@k,1,0.6174059787849566
late_AT,MRR@k,2,0.6998553519768563
late_AT,MRR@k,3,0.7182577949212481
late_AT,MRR@k,4,0.7267558662809397
late_AT,MRR@k,5,0.7308060109289621
late_AT,MRR@k,6,0.733015911282546
late_AT,MRR@k,7,0.7345657115305146
late_AT,MRR@k,8,0.7354396266703412
late_AT,MRR@k,9,0.7363771601536802
late_AT,MRR@k,10,0.7369316442423972
late_AT,MRR@k,11,0.7373042224838279
late_AT,MRR@k,12,0.7375453025224007
late_AT,MRR@k,13,0.7378605610343805
late_AT,MRR@k,14,0.7381533010812188
late_AT,MRR@k,15,0.7382818771017909
late_AT,MRR@k,16,0.7384024171210773
late_AT,MRR@k,17,0.7384875041935148
late_AT,MRR@k,18,0.7386080442128014
late_AT,MRR@k,19,0.7387095515974635
late_AT,MRR@k,20,0.7387457136032495
late_AT,nDCG@k,1,0.6174059787849566
late_AT,nDCG@k,2,0.6121832793623125
late_AT,nDCG@k,3,0.6100147182269113
late_AT,nDCG@k,4,0.6085417357282048
late_AT,nDCG@k,5,0.6075538665155221
late_AT,nDCG@k,6,0.6067819458210015
late_AT,nDCG@k,7,0.6057326370353849
late_AT,nDCG@k,8,0.6046231945876194
late_AT,nDCG@k,9,0.6037480507786754
late_AT,nDCG@k,10,0.6028021055065008
late_AT,nDCG@k,11,0.6020953338082017
late_AT,nDCG@k,12,0.6005633929317684
late_AT,nDCG@k,13,0.6001190418711212
late_AT,nDCG@k,14,0.5998339673154546
late_AT,nDCG@k,15,0.5991228040229737
late_AT,nDCG@k,16,0.5981837952684804
late_AT,nDCG@k,17,0.5976251640945216
late_AT,nDCG@k,18,0.5970991413370399
late_AT,nDCG@k,19,0.5962017216771937
late_AT,nDCG@k,20,0.5958504762399797
late_AT,Coverage@k,1,0.3770491803278688
late_AT,Coverage@k,2,0.5101253616200578
late_AT,Coverage@k,3,0.5947444551591128
late_AT,Coverage@k,4,0.6526036644165863
late_AT,Coverage@k,5,0.6984088717454194
late_AT,Coverage@k,6,0.7307135969141755
late_AT,Coverage@k,7,0.758678881388621
late_AT,Coverage@k,8,0.781099324975892
late_AT,Coverage@k,9,0.8008678881388621
late_AT,Coverage@k,10,0.8187078109932497
late_AT,Coverage@k,11,0.8288331726133076
late_AT,Coverage@k,12,0.839440694310511
late_AT,Coverage@k,13,0.8493249758919962
late_AT,Coverage@k,14,0.857039537126326
late_AT,Coverage@k,15,0.8649951783992286
late_AT,Coverage@k,16,0.8719864995178399
late_AT,Coverage@k,17,0.8777724204435873
late_AT,Coverage@k,18,0.8828351012536162
late_AT,Coverage@k,19,0.8891031822565092
late_AT,Coverage@k,20,0.8927193828351012
late_AT,Pop@k,1,38.64874638379942
late_AT,Pop@k,2,38.44202025072324
late_AT,Pop@k,3,38.44993571198972
late_AT,Pop@k,4,38.45063886210222
late_AT,Pop@k,5,38.415670202507236
late_AT,Pop@k,6,38.39046930247509
late_AT,Pop@k,7,38.403120264499236
late_AT,Pop@k,8,38.385667791706844
late_AT,Pop@k,9,38.35658416372013
late_AT,Pop@k,10,38.31827386692382
late_AT,Pop@k,11,38.309634434996056
late_AT,Pop@k,12,38.29920041787207
late_AT,Pop@k,13,38.29163266819969
late_AT,Pop@k,14,38.271456123432976
late_AT,Pop@k,15,38.283879781420765
late_AT,Pop@k,16,38.29368068948891
late_AT,Pop@k,17,38.29264280446991
late_AT,Pop@k,18,38.29912675452694
late_AT,Pop@k,19,38.29591940313658
late_AT,Pop@k,20,38.29177917068466
early_AV,Precision@k,1,0.6060752169720347
early_AV,Precision@k,2,0.5940212150433944
early_AV,Precision@k,3,0.5893603342976534
early_AV,Precision@k,4,0.5816658630665381
early_AV,Precision@k,5,0.5766152362584368
early_AV,Precision@k,6,0.5728463516554162
early_AV,Precision@k,7,0.5707053313128554
early_AV,Precision@k,8,0.5690091610414658
early_AV,Precision@k,9,0.567984570877537
early_AV,Precision@k,10,0.5664898746383813
early_AV,Precision@k,11,0.5659025159989507
early_AV,Precision@k,12,0.5643683702989389
early_AV,Precision@k,13,0.5635709517098084
early_AV,Precision@k,14,0.5626463700234186
early_AV,Precision@k,15,0.5624236579877826
early_AV,Precision@k,16,0.5622438524590164
early_AV,Precision@k,17,0.5620142946281739
early_AV,Precision@k,18,0.5617164898746393
early_AV,Precision@k,19,0.5609932497589232
early_AV,Precision@k,20,0.5606316297010587
early_AV,Recall@k,1,0.0005528793163248259
early_AV,Recall@k,2,0.0010298027486509483
early_AV,Recall@k,3,0.0014448400712368933
early_AV,Recall@k,4,0.0018263767449712672
early_AV,Recall@k,5,0.002232597417408123
early_AV,Recall@k,6,0.0026014838950145797
early_AV,Recall@k,7,0.002980116273741591
early_AV,Recall@k,8,0.0033431831566443863
early_AV,Recall@k,9,0.0037109864358486457
early_AV,Recall@k,10,0.004091743039591911
early_AV,Recall@k,11,0.004526126499031847
early_AV,Recall@k,12,0.00488604644759272
early_AV,Recall@k,13,0.0053359574591387
early_AV,Recall@k,14,0.005700105116307256
early_AV,Recall@k,15,0.0061062174253180045
early_AV,Recall@k,16,0.006458783996192618
early_AV,Recall@k,17,0.006826863807293063
early_AV,Recall@k,18,0.007190117798877714
early_AV,Recall@k,19,0.00753196705884115
early_AV,Recall@k,20,0.007881740710981534
early_AV,MRR@k,1,0.6060752169720347
early_AV,MRR@k,2,0.6849083895853423
early_AV,MRR@k,3,0.7071681131468994
early_AV,MRR@k,4,0.7148826743812294
early_AV,MRR@k,5,0.7184024429443919
early_AV,MRR@k,6,0.7212954034072651
early_AV,MRR@k,7,0.7225008036001296
early_AV,MRR@k,8,0.7235856637737073
early_AV,MRR@k,9,0.7244964105860938
early_AV,MRR@k,10,0.7250267866709537
early_AV,MRR@k,11,0.7255966122166708
early_AV,MRR@k,12,0.7259381422713158
early_AV,MRR@k,13,0.7262534007832953
early_AV,MRR@k,14,0.7264772608191129
early_AV,MRR@k,15,0.7266861968525424
early_AV,MRR@k,16,0.7267916693694181
early_AV,MRR@k,17,0.7268767564418555
early_AV,MRR@k,18,0.727037476467571
early_AV,MRR@k,19,0.7270882301599021
early_AV,MRR@k,20,0.7271364461676167
early_AV,nDCG@k,1,0.6060752169720347
early_AV,nDCG@k,2,0.5967489680030246
early_AV,nDCG@k,3,0.592828051518368
early_AV,nDCG@k,4,0.5870704228015772
early_AV,nDCG@k,5,0.5830479777134121
early_AV,nDCG@k,6,0.5799205381122198
early_AV,nDCG@k,7,0.5779020572515225
early_AV,nDCG@k,8,0.5762614725342993
early_AV,nDCG@k,9,0.5751104427459343
early_AV,nDCG@k,10,0.5737208085554968
early_AV,nDCG@k,11,0.5729467093752073
early_AV,nDCG@k,12,0.5716092421075822
early_AV,nDCG@k,13,0.5707758060089899
early_AV,nDCG@k,14,0.5698694296371444
early_AV,nDCG@k,15,0.5694425696835098
early_AV,nDCG@k,16,0.5690601154892713
early_AV,nDCG@k,17,0.5686682922001604
early_AV,nDCG@k,18,0.5682513934910558
early_AV,nDCG@k,19,0.5675749457121492
early_AV,nDCG@k,20,0.567139844949078
early_AV,Coverage@k,1,0.4652844744455159
early_AV,Coverage@k,2,0.601976856316297
early_AV,Coverage@k,3,0.6745419479267116
early_AV,Coverage@k,4,0.7186595949855352
early_AV,Coverage@k,5,0.752410800385728
early_AV,Coverage@k,6,0.7779652844744455
early_AV,Coverage@k,7,0.79725168756027
early_AV,Coverage@k,8,0.809787849566056
early_AV,Coverage@k,9,0.8216007714561234
early_AV,Coverage@k,10,0.8329315332690453
early_AV,Coverage@k,11,0.8416104146576664
early_AV,Coverage@k,12,0.8483606557377049
early_AV,Coverage@k,13,0.8539054966248795
early_AV,Coverage@k,14,0.8599324975891997
early_AV,Coverage@k,15,0.8652362584378014
early_AV,Coverage@k,16,0.8702989392478303
early_AV,Coverage@k,17,0.8746383799421408
early_AV,Coverage@k,18,0.8799421407907425
early_AV,Coverage@k,19,0.8840405014464803
early_AV,Coverage@k,20,0.8866923818707811
early_AV,Pop@k,1,37.37560270009643
early_AV,Pop@k,2,37.62536162005786
early_AV,Pop@k,3,37.615477338476374
early_AV,Pop@k,4,37.74626325940212
early_AV,Pop@k,5,37.78929604628737
early_AV,Pop@k,6,37.85856637737062
early_AV,Pop@k,7,37.91548422647748
early_AV,Pop@k,8,37.99457569913211
early_AV,Pop@k,9,38.04607307403836
early_AV,Pop@k,10,38.07010607521697
early_AV,Pop@k,11,38.085846410099066
early_AV,Pop@k,12,38.1085261973642
early_AV,Pop@k,13,38.15330835991395
early_AV,Pop@k,14,38.168687146989946
early_AV,Pop@k,15,38.21825779492125
early_AV,Pop@k,16,38.251868370298936
early_AV,Pop@k,17,38.28636054228828
early_AV,Pop@k,18,38.309707489553205
early_AV,Pop@k,19,38.33181495203775
early_AV,Pop@k,20,38.34531099324976
late_AV,Precision@k,1,0.6077627772420443
late_AV,Precision@k,2,0.5904050144648023
late_AV,Precision@k,3,0.5810832529733205
late_AV,Precision@k,4,0.5733486017357763
late_AV,Precision@k,5,0.5693828351012516
late_AV,Precision@k,6,0.5676229508196727
late_AV,Precision@k,7,0.5678468108554903
late_AV,Precision@k,8,0.5653025554484089
late_AV,Precision@k,9,0.5643147969570395
late_AV,Precision@k,10,0.562921890067504
late_AV,Precision@k,11,0.5607960024546356
late_AV,Precision@k,12,0.5587632594021221
late_AV,Precision@k,13,0.5575995846005438
late_AV,Precision@k,14,0.5570498691279775
late_AV,Precision@k,15,0.5565413050466066
late_AV,Precision@k,16,0.5557648264223722
late_AV,Precision@k,17,0.5550371546883025
late_AV,Precision@k,18,0.5550064288010308
late_AV,Precision@k,19,0.5537862254479032
late_AV,Precision@k,20,0.5533027965284458
late_AV,Recall@k,1,0.0005498867762410995
late_AV,Recall@k,2,0.0010219673570206272
late_AV,Recall@k,3,0.0014172787960723835
late_AV,Recall@k,4,0.0017848100435793259
late_AV,Recall@k,5,0.0022113271905517943
late_AV,Recall@k,6,0.0025691995607113874
late_AV,Recall@k,7,0.0029358992594226193
late_AV,Recall@k,8,0.003300129019956448
late_AV,Recall@k,9,0.0036762337629782016
late_AV,Recall@k,10,0.004027808111781772
late_AV,Recall@k,11,0.004394211359049324
late_AV,Recall@k,12,0.0047367082921988355
late_AV,Recall@k,13,0.005101916203997588
late_AV,Recall@k,14,0.005467617375832444
late_AV,Recall@k,15,0.005896024737042074
late_AV,Recall@k,16,0.006247759731172322
late_AV,Recall@k,17,0.006627695839653602
late_AV,Recall@k,18,0.0069804898442117165
late_AV,Recall@k,19,0.007341826928399084
late_AV,Recall@k,20,0.007704483749711876
late_AV,MRR@k,1,0.6077627772420443
late_AV,MRR@k,2,0.6831002892960463
late_AV,MRR@k,3,0.7049582127933152
late_AV,MRR@k,4,0.712913854066218
late_AV,MRR@k,5,0.7175425908068148
late_AV,MRR@k,6,0.7197524911603986
late_AV,MRR@k,7,0.7214400514304087
late_AV,MRR@k,8,0.7225249116039862
late_AV,MRR@k,9,0.723355298403515
late_AV,MRR@k,10,0.7239338904960892
late_AV,MRR@k,11,0.7243941342060917
late_AV,MRR@k,12,0.7247959342703799
late_AV,MRR@k,13,0.7250741035456559
late_AV,MRR@k,14,0.7252979635814735
late_AV,MRR@k,15,0.7254586836071886
late_AV,MRR@k,16,0.7256093586312966
late_AV,MRR@k,17,0.7257511704186923
late_AV,MRR@k,18,0.7258984971089315
late_AV,MRR@k,19,0.7260380697628421
late_AV,MRR@k,20,0.7261345017782713
late_AV,nDCG@k,1,0.6077627772420443
late_AV,nDCG@k,2,0.5943329787266698
late_AV,nDCG@k,3,0.5868495671588192
late_AV,nDCG@k,4,0.580678459535505
late_AV,nDCG@k,5,0.5771151013813504
late_AV,nDCG@k,6,0.5751468777745006
late_AV,nDCG@k,7,0.5746039717486263
late_AV,nDCG@k,8,0.5724570814248672
late_AV,nDCG@k,9,0.5713364250021946
late_AV,nDCG@k,10,0.5700180240852961
late_AV,nDCG@k,11,0.5682681314209298
late_AV,nDCG@k,12,0.5665893565121194
late_AV,nDCG@k,13,0.5654747847706039
late_AV,nDCG@k,14,0.5647749090842222
late_AV,nDCG@k,15,0.5641494353011844
late_AV,nDCG@k,16,0.5633591672798895
late_AV,nDCG@k,17,0.5626231154912128
late_AV,nDCG@k,18,0.5623435784682248
late_AV,nDCG@k,19,0.5613185956427794
late_AV,nDCG@k,20,0.5607731126665098
late_AV,Coverage@k,1,0.4710703953712633
late_AV,Coverage@k,2,0.6116200578592093
late_AV,Coverage@k,3,0.6829797492767599
late_AV,Coverage@k,4,0.7290260366441659
late_AV,Coverage@k,5,0.7620540019286403
late_AV,Coverage@k,6,0.78351012536162
late_AV,Coverage@k,7,0.8056894889103182
late_AV,Coverage@k,8,0.8211186113789778
late_AV,Coverage@k,9,0.8341369334619093
late_AV,Coverage@k,10,0.8447444551591128
late_AV,Coverage@k,11,0.8539054966248795
late_AV,Coverage@k,12,0.8616200578592093
late_AV,Coverage@k,13,0.8674059787849566
late_AV,Coverage@k,14,0.8741562198649951
late_AV,Coverage@k,15,0.8799421407907425
late_AV,Coverage@k,16,0.8847637415621986
late_AV,Coverage@k,17,0.8898264223722275
late_AV,Coverage@k,18,0.8941658630665381
late_AV,Coverage@k,19,0.8977820636451301
late_AV,Coverage@k,20,0.900433944069431
late_AV,Pop@k,1,37.256509161041464
late_AV,Pop@k,2,37.39838476374156
late_AV,Pop@k,3,37.46118611378978
late_AV,Pop@k,4,37.5749156219865
late_AV,Pop@k,5,37.62892960462873
late_AV,Pop@k,6,37.65344744455159
late_AV,Pop@k,7,37.68301418928227
late_AV,Pop@k,8,37.73128616200579
late_AV,Pop@k,9,37.74016929176042
late_AV,Pop@k,10,37.80318225650916
late_AV,Pop@k,11,37.87604102743929
late_AV,Pop@k,12,37.892880102860815
late_AV,Pop@k,13,37.952247607744226
late_AV,Pop@k,14,37.97422165587546
late_AV,Pop@k,15,38.02920282867245
late_AV,Pop@k,16,38.05326362102218
late_AV,Pop@k,17,38.07464972488513
late_AV,Pop@k,18,38.07044894460516
late_AV,Pop@k,19,38.09260011165812
late_AV,Pop@k,20,38.103302796528446
early_TV,Precision@k,1,0.6299421407907425
early_TV,Precision@k,2,0.6124638379942141
early_TV,Precision@k,3,0.6056734169077459
early_TV,Precision@k,4,0.5975168756027001
early_TV,Precision@k,5,0.5900192864030839
early_TV,Precision@k,6,0.5877129540340731
early_TV,Precision@k,7,0.5854800936768181
early_TV,Precision@k,8,0.5824192381870781
early_TV,Precision@k,9,0.5806278795671332
early_TV,Precision@k,10,0.579267116682741
early_TV,Precision@k,11,0.5782852634347362
early_TV,Precision@k,12,0.576000482160077
early_TV,Precision@k,13,0.5748089904309728
early_TV,Precision@k,14,0.5735638517702144
early_TV,Precision@k,15,0.5717775634844068
early_TV,Precision@k,16,0.571178881388621
early_TV,Precision@k,17,0.5698423052924209
early_TV,Precision@k,18,0.5685470909675335
early_TV,Precision@k,19,0.566982185453995
early_TV,Precision@k,20,0.5658148505303772
early_TV,Recall@k,1,0.000613638713045388
early_TV,Recall@k,2,0.0011624606253249623
early_TV,Recall@k,3,0.0016683981303362437
early_TV,Recall@k,4,0.0021634839920837063
early_TV,Recall@k,5,0.0025749665425582537
early_TV,Recall@k,6,0.002995997350431875
early_TV,Recall@k,7,0.0034306500670424423
early_TV,Recall@k,8,0.0038336799020553054
early_TV,Recall@k,9,0.004270211912488076
early_TV,Recall@k,10,0.004733207149074384
early_TV,Recall@k,11,0.005155344796090203
early_TV,Recall@k,12,0.005538213603614711
early_TV,Recall@k,13,0.0059319673685940665
early_TV,Recall@k,14,0.006338127615245168
early_TV,Recall@k,15,0.006722584619053848
early_TV,Recall@k,16,0.007127480300472432
early_TV,Recall@k,17,0.0075218087863036616
early_TV,Recall@k,18,0.007912682508620896
early_TV,Recall@k,19,0.008323884334422283
early_TV,Recall@k,20,0.00869358703535731
early_TV,MRR@k,1,0.6299421407907425
early_TV,MRR@k,2,0.7040742526518804
early_TV,MRR@k,3,0.7248874959820011
early_TV,MRR@k,4,0.7318788171006126
early_TV,MRR@k,5,0.7360253937640636
early_TV,MRR@k,6,0.7384361941497911
early_TV,MRR@k,7,0.7395727143316349
early_TV,MRR@k,8,0.7405068994811046
early_TV,MRR@k,9,0.7411765662549182
early_TV,MRR@k,10,0.7418515903629216
early_TV,MRR@k,11,0.742377583174353
early_TV,MRR@k,12,0.7426990232257836
early_TV,MRR@k,13,0.7429771925010599
early_TV,MRR@k,14,0.7431493925286119
early_TV,MRR@k,15,0.743245824544041
early_TV,MRR@k,16,0.7434266345729706
early_TV,MRR@k,17,0.7435400840028871
early_TV,MRR@k,18,0.7436606240221736
early_TV,MRR@k,19,0.7437494429837531
early_TV,MRR@k,20,0.7438097129933964
early_TV,nDCG@k,1,0.6299421407907425
early_TV,nDCG@k,2,0.616419079785678
early_TV,nDCG@k,3,0.6107111241362506
early_TV,nDCG@k,4,0.6043787900550208
early_TV,nDCG@k,5,0.5985598631769717
early_TV,nDCG@k,6,0.59614769593071
early_TV,nDCG@k,7,0.5939427512007059
early_TV,nDCG@k,8,0.591322184903063
early_TV,nDCG@k,9,0.5895639055686378
early_TV,nDCG@k,10,0.5881432942145199
early_TV,nDCG@k,11,0.5870151956966138
early_TV,nDCG@k,12,0.5851062999356399
early_TV,nDCG@k,13,0.5839085597676502
early_TV,nDCG@k,14,0.5827062535133898
early_TV,nDCG@k,15,0.5811808670939338
early_TV,nDCG@k,16,0.5804272513436011
early_TV,nDCG@k,17,0.5792256319022425
early_TV,nDCG@k,18,0.5780622642267114
early_TV,nDCG@k,19,0.5767422959977283
early_TV,nDCG@k,20,0.5756777830708357
early_TV,Coverage@k,1,0.38645130183220827
early_TV,Coverage@k,2,0.5084378013500482
early_TV,Coverage@k,3,0.5742526518804243
early_TV,Coverage@k,4,0.6174059787849566
early_TV,Coverage@k,5,0.6595949855351977
early_TV,Coverage@k,6,0.6914175506268081
early_TV,Coverage@k,7,0.710221793635487
early_TV,Coverage@k,8,0.7292671166827387
early_TV,Coverage@k,9,0.7430086788813887
early_TV,Coverage@k,10,0.7581967213114754
early_TV,Coverage@k,11,0.7707328833172613
early_TV,Coverage@k,12,0.7813404050144648
early_TV,Coverage@k,13,0.7914657666345226
early_TV,Coverage@k,14,0.799662487945998
early_TV,Coverage@k,15,0.8054484088717454
early_TV,Coverage@k,16,0.8107521697203471
early_TV,Coverage@k,17,0.8165380906460945
early_TV,Coverage@k,18,0.8203953712632595
early_TV,Coverage@k,19,0.8254580520732884
early_TV,Coverage@k,20,0.8324493731918997
early_TV,Pop@k,1,39.10486981677917
early_TV,Pop@k,2,39.34112825458052
early_TV,Pop@k,3,39.518000642880104
early_TV,Pop@k,4,39.545081967213115
early_TV,Pop@k,5,39.65216972034716
early_TV,Pop@k,6,39.674140147862424
early_TV,Pop@k,7,39.682807549249205
early_TV,Pop@k,8,39.67565694310511
early_TV,Pop@k,9,39.666104146576664
early_TV,Pop@k,10,39.66733365477338
early_TV,Pop@k,11,39.65779784342948
early_TV,Pop@k,12,39.674762937962065
early_TV,Pop@k,13,39.68566871893776
early_TV,Pop@k,14,39.673767047802734
early_TV,Pop@k,15,39.65882352941176
early_TV,Pop@k,16,39.64966550144648
early_TV,Pop@k,17,39.64335753587839
early_TV,Pop@k,18,39.630384120861464
early_TV,Pop@k,19,39.63067806932954
early_TV,Pop@k,20,39.62779652844744
late_TV,Precision@k,1,0.6270491803278688
late_TV,Precision@k,2,0.6102941176470589
late_TV,Precision@k,3,0.602539376406299
late_TV,Precision@k,4,0.5929363548698168
late_TV,Precision@k,5,0.5875602700096402
late_TV,Precision@k,6,0.5861861137897781
late_TV,Precision@k,7,0.5822082931533298
late_TV,Precision@k,8,0.5785619575699132
late_TV,Precision@k,9,0.5784581592199761
late_TV,Precision@k,10,0.5770491803278706
late_TV,Precision@k,11,0.5751731393004316
late_TV,Precision@k,12,0.5734691417550614
late_TV,Precision@k,13,0.5721385653883185
late_TV,Precision@k,14,0.5708430913348934
late_TV,Precision@k,15,0.5688363870138193
late_TV,Precision@k,16,0.5677284233365477
late_TV,Precision@k,17,0.5663962788587033
late_TV,Precision@k,18,0.5656809171756135
late_TV,Precision@k,19,0.5647617114145104
late_TV,Precision@k,20,0.5637656702025072
late_TV,Recall@k,1,0.000640084721901301
late_TV,Recall@k,2,0.0011378807375643897
late_TV,Recall@k,3,0.0016752139991181789
late_TV,Recall@k,4,0.0021426239314117006
late_TV,Recall@k,5,0.002551092113951697
late_TV,Recall@k,6,0.0029732191458463936
late_TV,Recall@k,7,0.003400847414336394
late_TV,Recall@k,8,0.0037959043151913293
late_TV,Recall@k,9,0.0042212460385393025
late_TV,Recall@k,10,0.004682899038382534
late_TV,Recall@k,11,0.0051138970500389114
late_TV,Recall@k,12,0.005489674010515804
late_TV,Recall@k,13,0.005884589782734152
late_TV,Recall@k,14,0.006289579415288455
late_TV,Recall@k,15,0.006686097744230446
late_TV,Recall@k,16,0.007076189738245257
late_TV,Recall@k,17,0.007446968378330568
late_TV,Recall@k,18,0.007831986502908369
late_TV,Recall@k,19,0.00830066604671201
late_TV,Recall@k,20,0.008687828820214665
late_TV,MRR@k,1,0.6270491803278688
late_TV,MRR@k,2,0.7014223722275795
late_TV,MRR@k,3,0.7226374156219878
late_TV,MRR@k,4,0.7294479267116698
late_TV,MRR@k,5,0.7338355834136939
late_TV,MRR@k,6,0.7359651237544201
late_TV,MRR@k,7,0.7373427239748368
late_TV,MRR@k,8,0.7384878541580576
late_TV,MRR@k,9,0.7392378809447289
late_TV,MRR@k,10,0.7398164730373035
late_TV,MRR@k,11,0.7403424658487348
late_TV,MRR@k,12,0.7405433658808788
late_TV,MRR@k,13,0.7408586243928584
late_TV,MRR@k,14,0.7410652644259208
late_TV,MRR@k,15,0.7411456244387784
late_TV,MRR@k,16,0.741251096955654
late_TV,MRR@k,17,0.7413787275643101
late_TV,MRR@k,18,0.7414590875771678
late_TV,MRR@k,19,0.7415986602310783
late_TV,MRR@k,20,0.7416709842426502
late_TV,nDCG@k,1,0.6270491803278688
late_TV,nDCG@k,2,0.6140856942609443
late_TV,nDCG@k,3,0.6077373385043053
late_TV,nDCG@k,4,0.600405288536386
late_TV,nDCG@k,5,0.5958984783617758
late_TV,nDCG@k,6,0.5941109951105035
late_TV,nDCG@k,7,0.5908335872561757
late_TV,nDCG@k,8,0.5878282500914941
late_TV,nDCG@k,9,0.5871177433230904
late_TV,nDCG@k,10,0.5856843308720381
late_TV,nDCG@k,11,0.584006037619733
late_TV,nDCG@k,12,0.5824627186031114
late_TV,nDCG@k,13,0.5811829344727386
late_TV,nDCG@k,14,0.5799520507496252
late_TV,nDCG@k,15,0.5782880526747163
late_TV,nDCG@k,16,0.5772069323186538
late_TV,nDCG@k,17,0.5760003317676663
late_TV,nDCG@k,18,0.5752032330568645
late_TV,nDCG@k,19,0.5743076197065353
late_TV,nDCG@k,20,0.5733620600427218
late_TV,Coverage@k,1,0.39151398264223725
late_TV,Coverage@k,2,0.5156702025072324
late_TV,Coverage@k,3,0.5790742526518804
late_TV,Coverage@k,4,0.6292189006750241
late_TV,Coverage@k,5,0.6668273866923818
late_TV,Coverage@k,6,0.6967213114754098
late_TV,Coverage@k,7,0.7157666345226615
late_TV,Coverage@k,8,0.7355351976856316
late_TV,Coverage@k,9,0.7514464802314368
late_TV,Coverage@k,10,0.7651880424300868
late_TV,Coverage@k,11,0.7757955641272902
late_TV,Coverage@k,12,0.7856798457087754
late_TV,Coverage@k,13,0.7953230472516876
late_TV,Coverage@k,14,0.8030376084860174
late_TV,Coverage@k,15,0.809787849566056
late_TV,Coverage@k,16,0.8162970106075217
late_TV,Coverage@k,17,0.8216007714561234
late_TV,Coverage@k,18,0.8259402121504339
late_TV,Coverage@k,19,0.8305207328833173
late_TV,Coverage@k,20,0.8353423336547734
late_TV,Pop@k,1,39.024831243973
late_TV,Pop@k,2,39.21371745419479
late_TV,Pop@k,3,39.44013179042109
late_TV,Pop@k,4,39.470949855351975
late_TV,Pop@k,5,39.46957569913211
late_TV,Pop@k,6,39.46142719382835
late_TV,Pop@k,7,39.54125912660145
late_TV,Pop@k,8,39.51539898746384
late_TV,Pop@k,9,39.51510768241723
late_TV,Pop@k,10,39.56393442622951
late_TV,Pop@k,11,39.54639694924169
late_TV,Pop@k,12,39.52909032465445
late_TV,Pop@k,13,39.531173503449295
late_TV,Pop@k,14,39.54456536713045
late_TV,Pop@k,15,39.5300225008036
late_TV,Pop@k,16,39.53212391513983
late_TV,Pop@k,17,39.52208009529752
late_TV,Pop@k,18,39.50447337404908
late_TV,Pop@k,19,39.510252245850886
late_TV,Pop@k,20,39.51247589199614
early_ATV,Precision@k,1,0.6576663452266153
early_ATV,Precision@k,2,0.6456123432979749
early_ATV,Precision@k,3,0.6358084217293468
early_ATV,Precision@k,4,0.6323529411764706
early_ATV,Precision@k,5,0.6289778206364511
early_ATV,Precision@k,6,0.6250803600128562
early_ATV,Precision@k,7,0.6225030996004957
early_ATV,Precision@k,8,0.6209016393442623
early_ATV,Precision@k,9,0.6194417657773512
early_ATV,Precision@k,10,0.6177193828351065
early_ATV,Precision@k,11,0.6162882440606693
early_ATV,Precision@k,12,0.6142116682738666
early_ATV,Precision@k,13,0.6129367257621791
early_ATV,Precision@k,14,0.6115683978509425
early_ATV,Precision@k,15,0.6099485695917648
early_ATV,Precision@k,16,0.6093147299903569
early_ATV,Precision@k,17,0.6085143797152508
early_ATV,Precision@k,18,0.6074949105325183
early_ATV,Precision@k,19,0.606481246510688
early_ATV,Precision@k,20,0.6056653809064605
early_ATV,Recall@k,1,0.0006748366040511866
early_ATV,Recall@k,2,0.0012162565065678382
early_ATV,Recall@k,3,0.0017458236017090223
early_ATV,Recall@k,4,0.0022783377667063617
early_ATV,Recall@k,5,0.002860458654326182
early_ATV,Recall@k,6,0.0033295575623636378
early_ATV,Recall@k,7,0.0037848165699906748
early_ATV,Recall@k,8,0.004293746838374696
early_ATV,Recall@k,9,0.004743156716932302
early_ATV,Recall@k,10,0.005193798735632018
early_ATV,Recall@k,11,0.005662133855016092
early_ATV,Recall@k,12,0.006163920393014998
early_ATV,Recall@k,13,0.006606626188073601
early_ATV,Recall@k,14,0.0070306890406916685
early_ATV,Recall@k,15,0.0074553253697618865
early_ATV,Recall@k,16,0.007883615843155507
early_ATV,Recall@k,17,0.008310592227165518
early_ATV,Recall@k,18,0.008747077065755664
early_ATV,Recall@k,19,0.009170238001308954
early_ATV,Recall@k,20,0.009603701398275809
early_ATV,MRR@k,1,0.6576663452266153
early_ATV,MRR@k,2,0.7287849566055931
early_ATV,MRR@k,3,0.7470266795242705
early_ATV,MRR@k,4,0.7546207007393139
early_ATV,MRR@k,5,0.7585261973641928
early_ATV,MRR@k,6,0.759811957569914
early_ATV,MRR@k,7,0.7614650778344138
early_ATV,MRR@k,8,0.762429397988705
early_ATV,MRR@k,9,0.762965131407756
early_ATV,MRR@k,10,0.7633026434617576
early_ATV,MRR@k,11,0.7636752217031881
early_ATV,MRR@k,12,0.7639564817481898
early_ATV,MRR@k,13,0.764141927931707
early_ATV,MRR@k,14,0.764228027945483
early_ATV,MRR@k,15,0.7643405319634835
early_ATV,MRR@k,16,0.7644761394851808
early_ATV,MRR@k,17,0.7645612265576183
early_ATV,MRR@k,18,0.7646951599123809
early_ATV,MRR@k,19,0.7648474209893745
early_ATV,MRR@k,20,0.7649197450009464
early_ATV,nDCG@k,1,0.6576663452266153
early_ATV,nDCG@k,2,0.6483400962576065
early_ATV,nDCG@k,3,0.6407989003050762
early_ATV,nDCG@k,4,0.6376360177093736
early_ATV,nDCG@k,5,0.6347286864830438
early_ATV,nDCG@k,6,0.6315950005445476
early_ATV,nDCG@k,7,0.629350891693888
early_ATV,nDCG@k,8,0.6278017419143296
early_ATV,nDCG@k,9,0.6264012219345458
early_ATV,nDCG@k,10,0.6248782646669871
early_ATV,nDCG@k,11,0.6235723279463652
early_ATV,nDCG@k,12,0.6218868250444987
early_ATV,nDCG@k,13,0.6207115557900287
early_ATV,nDCG@k,14,0.6194961339480759
early_ATV,nDCG@k,15,0.6181338475624945
early_ATV,nDCG@k,16,0.6174109987980849
early_ATV,nDCG@k,17,0.616601658567349
early_ATV,nDCG@k,18,0.6156662102738515
early_ATV,nDCG@k,19,0.6147442736887755
early_ATV,nDCG@k,20,0.6139586305055381
early_ATV,Coverage@k,1,0.3789778206364513
early_ATV,Coverage@k,2,0.49397299903567987
early_ATV,Coverage@k,3,0.56099324975892
early_ATV,Coverage@k,4,0.6089681774349084
early_ATV,Coverage@k,5,0.6419961427193829
early_ATV,Coverage@k,6,0.6682738669238187
early_ATV,Coverage@k,7,0.6909353905496625
early_ATV,Coverage@k,8,0.7061234329797492
early_ATV,Coverage@k,9,0.7227579556412729
early_ATV,Coverage@k,10,0.7352941176470589
early_ATV,Coverage@k,11,0.7473481195756991
early_ATV,Coverage@k,12,0.7579556412729026
early_ATV,Coverage@k,13,0.7700096432015429
early_ATV,Coverage@k,14,0.7757955641272902
early_ATV,Coverage@k,15,0.7837512054001928
early_ATV,Coverage@k,16,0.7895371263259402
early_ATV,Coverage@k,17,0.7967695274831244
early_ATV,Coverage@k,18,0.8025554484088717
early_ATV,Coverage@k,19,0.8078592092574735
early_ATV,Coverage@k,20,0.8119575699132112
early_ATV,Pop@k,1,39.18683702989392
early_ATV,Pop@k,2,39.83678881388621
early_ATV,Pop@k,3,39.840565734490525
early_ATV,Pop@k,4,39.8904893924783
early_ATV,Pop@k,5,39.995949855351974
early_ATV,Pop@k,6,39.99975891996143
early_ATV,Pop@k,7,40.00378840060615
early_ATV,Pop@k,8,40.00455038572806
early_ATV,Pop@k,9,39.98462445087325
early_ATV,Pop@k,10,39.99021215043394
early_ATV,Pop@k,11,40.023340931007276
early_ATV,Pop@k,12,40.02655898424944
early_ATV,Pop@k,13,40.062384096135304
early_ATV,Pop@k,14,40.041655186664826
early_ATV,Pop@k,15,40.048280295724844
early_ATV,Pop@k,16,40.06952145612343
early_ATV,Pop@k,17,40.07724488059448
early_ATV,Pop@k,18,40.107401157184185
early_ATV,Pop@k,19,40.08994823123383
early_ATV,Pop@k,20,40.08060511089682
late_ATV,Precision@k,1,0.654291224686596
late_ATV,Precision@k,2,0.6363307618129219
late_ATV,Precision@k,3,0.6272099003535826
late_ATV,Precision@k,4,0.6229508196721312
late_ATV,Precision@k,5,0.6228061716489868
late_ATV,Precision@k,6,0.6198569591771133
late_ATV,Precision@k,7,0.6170960187353632
late_ATV,Precision@k,8,0.6148746383799422
late_ATV,Precision@k,9,0.6119414979106418
late_ATV,Precision@k,10,0.6094503375120591
late_ATV,Precision@k,11,0.6086394319277678
late_ATV,Precision@k,12,0.6084860173577626
late_ATV,Precision@k,13,0.6068726355611568
late_ATV,Precision@k,14,0.6061613169858102
late_ATV,Precision@k,15,0.6047251687560229
late_ATV,Precision@k,16,0.6031219864995179
late_ATV,Precision@k,17,0.6026717340745424
late_ATV,Precision@k,18,0.6015616629165313
late_ATV,Precision@k,19,0.6006699487387757
late_ATV,Precision@k,20,0.5996504339440699
late_ATV,Recall@k,1,0.0006676850304789206
late_ATV,Recall@k,2,0.0011879347120564141
late_ATV,Recall@k,3,0.0017194133681902538
late_ATV,Recall@k,4,0.002204028631855552
late_ATV,Recall@k,5,0.0026930323055460678
late_ATV,Recall@k,6,0.0032025707117870257
late_ATV,Recall@k,7,0.003714785794578932
late_ATV,Recall@k,8,0.00420317788072025
late_ATV,Recall@k,9,0.004645037433070625
late_ATV,Recall@k,10,0.0050720374175900465
late_ATV,Recall@k,11,0.005573838762593615
late_ATV,Recall@k,12,0.0060147689242351305
late_ATV,Recall@k,13,0.006470183847124038
late_ATV,Recall@k,14,0.006920393209977108
late_ATV,Recall@k,15,0.007365567242538636
late_ATV,Recall@k,16,0.007789716708742198
late_ATV,Recall@k,17,0.008243547245645945
late_ATV,Recall@k,18,0.008653556093469588
late_ATV,Recall@k,19,0.009081735337184151
late_ATV,Recall@k,20,0.009504682044169913
late_ATV,MRR@k,1,0.654291224686596
late_ATV,MRR@k,2,0.7250482160077145
late_ATV,MRR@k,3,0.7426470588235313
late_ATV,MRR@k,4,0.7506629701060771
late_ATV,MRR@k,5,0.7549541947926723
late_ATV,MRR@k,6,0.7569631951141119
late_ATV,MRR@k,7,0.7584441153510597
late_ATV,MRR@k,8,0.7591974904715997
late_ATV,MRR@k,9,0.759760010561603
late_ATV,MRR@k,10,0.7600975226156048
late_ATV,MRR@k,11,0.7605358499584642
late_ATV,MRR@k,12,0.7608572900098947
late_ATV,MRR@k,13,0.7610241915750603
late_ATV,MRR@k,14,0.7611275115915915
late_ATV,MRR@k,15,0.7612239436070205
late_ATV,MRR@k,16,0.7613896861335393
late_ATV,MRR@k,17,0.7615173167421954
late_ATV,MRR@k,18,0.7615441034131479
late_ATV,MRR@k,19,0.7616709876439759
late_ATV,MRR@k,20,0.7617553656574765
late_ATV,nDCG@k,1,0.654291224686596
late_ATV,nDCG@k,2,0.6403951137227721
late_ATV,nDCG@k,3,0.6330211174107881
late_ATV,nDCG@k,4,0.6291798168372131
late_ATV,nDCG@k,5,0.628267648005909
late_ATV,nDCG@k,6,0.625771601373794
late_ATV,nDCG@k,7,0.6234640287447109
late_ATV,nDCG@k,8,0.6215590550517383
late_ATV,nDCG@k,9,0.6192330660594975
late_ATV,nDCG@k,10,0.6171975835758463
late_ATV,nDCG@k,11,0.6162501598336108
late_ATV,nDCG@k,12,0.6157607013881042
late_ATV,nDCG@k,13,0.6143864418154655
late_ATV,nDCG@k,14,0.613599840791139
late_ATV,nDCG@k,15,0.6123836144736005
late_ATV,nDCG@k,16,0.6110589413439681
late_ATV,nDCG@k,17,0.6104858951864475
late_ATV,nDCG@k,18,0.6095011012478693
late_ATV,nDCG@k,19,0.6086649930262539
late_ATV,nDCG@k,20,0.6077555971252344
late_ATV,Coverage@k,1,0.38162970106075217
late_ATV,Coverage@k,2,0.5007232401157184
late_ATV,Coverage@k,3,0.5665380906460945
late_ATV,Coverage@k,4,0.6142719382835101
late_ATV,Coverage@k,5,0.650433944069431
late_ATV,Coverage@k,6,0.6750241080038573
late_ATV,Coverage@k,7,0.6984088717454194
late_ATV,Coverage@k,8,0.7167309546769528
late_ATV,Coverage@k,9,0.7324011571841852
late_ATV,Coverage@k,10,0.7446962391513983
late_ATV,Coverage@k,11,0.7557859209257474
late_ATV,Coverage@k,12,0.7656702025072324
late_ATV,Coverage@k,13,0.7741080038572806
late_ATV,Coverage@k,14,0.7830279652844745
late_ATV,Coverage@k,15,0.7914657666345226
late_ATV,Coverage@k,16,0.7989392478302797
late_ATV,Coverage@k,17,0.803519768563163
late_ATV,Coverage@k,18,0.8100289296046287
late_ATV,Coverage@k,19,0.8160559305689489
late_ATV,Coverage@k,20,0.8220829315332691
late_ATV,Pop@k,1,39.01229508196721
late_ATV,Pop@k,2,39.6321118611379
late_ATV,Pop@k,3,39.72412407585985
late_ATV,Pop@k,4,39.708654773384765
late_ATV,Pop@k,5,39.7466730954677
late_ATV,Pop@k,6,39.78692542590807
late_ATV,Pop@k,7,39.80865132938421
late_ATV,Pop@k,8,39.80816055930569
late_ATV,Pop@k,9,39.82727954569806
late_ATV,Pop@k,10,39.88247348119576
late_ATV,Pop@k,11,39.89166739721224
late_ATV,Pop@k,12,39.89794278367085
late_ATV,Pop@k,13,39.91997997181218
late_ATV,Pop@k,14,39.92636726821876
late_ATV,Pop@k,15,39.914721954355514
late_ATV,Pop@k,16,39.935496022179365
late_ATV,Pop@k,17,39.95644960009076
late_ATV,Pop@k,18,39.96093164041574
late_ATV,Pop@k,19,39.98101811906817
late_ATV,Pop@k,20,39.95983606557377
lyrics_lyrics,Precision@k,1,0.5414657666345226
lyrics_lyrics,Precision@k,2,0.5251928640308583
lyrics_lyrics,Precision@k,3,0.5227418836387024
lyrics_lyrics,Precision@k,4,0.5204918032786885
lyrics_lyrics,Precision@k,5,0.5202507232401123
lyrics_lyrics,Precision@k,6,0.5222195435551278
lyrics_lyrics,Precision@k,7,0.52131836341094
lyrics_lyrics,Precision@k,8,0.5222094985535197
lyrics_lyrics,Precision@k,9,0.5216168434587001
lyrics_lyrics,Precision@k,10,0.5204435872709743
lyrics_lyrics,Precision@k,11,0.5187384939072517
lyrics_lyrics,Precision@k,12,0.5188846030215367
lyrics_lyrics,Precision@k,13,0.5183591721682311
lyrics_lyrics,Precision@k,14,0.517461082793775
lyrics_lyrics,Precision@k,15,0.5167309546769501
lyrics_lyrics,Precision@k,16,0.5161071600771456
lyrics_lyrics,Precision@k,17,0.5150036871064723
lyrics_lyrics,Precision@k,18,0.5149603557269918
lyrics_lyrics,Precision@k,19,0.5151246003146733
lyrics_lyrics,Precision@k,20,0.5148505303760849
lyrics_lyrics,Recall@k,1,0.0004094968260229405
lyrics_lyrics,Recall@k,2,0.0008195004833546098
lyrics_lyrics,Recall@k,3,0.0012373189038588125
lyrics_lyrics,Recall@k,4,0.0016111813920459607
lyrics_lyrics,Recall@k,5,0.002011458365582748
lyrics_lyrics,Recall@k,6,0.0024204833280788807
lyrics_lyrics,Recall@k,7,0.002796185782112233
lyrics_lyrics,Recall@k,8,0.0031909459809339896
lyrics_lyrics,Recall@k,9,0.0035688815649250077
lyrics_lyrics,Recall@k,10,0.003953692530430868
lyrics_lyrics,Recall@k,11,0.004332067223962916
lyrics_lyrics,Recall@k,12,0.004713900354634334
lyrics_lyrics,Recall@k,13,0.005068425020123471
lyrics_lyrics,Recall@k,14,0.005439072100942547
lyrics_lyrics,Recall@k,15,0.0057879349533102266
lyrics_lyrics,Recall@k,16,0.006152489520709431
lyrics_lyrics,Recall@k,17,0.0064865919698865165
lyrics_lyrics,Recall@k,18,0.006854891024728973
lyrics_lyrics,Recall@k,19,0.007218731081251148
lyrics_lyrics,Recall@k,20,0.00758172457025305
lyrics_lyrics,MRR@k,1,0.5414657666345226
lyrics_lyrics,MRR@k,2,0.6210221793635486
lyrics_lyrics,MRR@k,3,0.6467373834779826
lyrics_lyrics,MRR@k,4,0.658490035358407
lyrics_lyrics,MRR@k,5,0.6642277402764387
lyrics_lyrics,MRR@k,6,0.6676832208293149
lyrics_lyrics,MRR@k,7,0.6693707810993249
lyrics_lyrics,MRR@k,8,0.6709378013500481
lyrics_lyrics,MRR@k,9,0.6717949748205295
lyrics_lyrics,MRR@k,10,0.6724217829208184
lyrics_lyrics,MRR@k,11,0.672750528427963
lyrics_lyrics,MRR@k,12,0.6732728685115376
lyrics_lyrics,MRR@k,13,0.6735324931684619
lyrics_lyrics,MRR@k,14,0.6739113332290761
lyrics_lyrics,MRR@k,15,0.6741202692625058
lyrics_lyrics,MRR@k,16,0.6743462817986678
lyrics_lyrics,MRR@k,17,0.6744880935860634
lyrics_lyrics,MRR@k,18,0.6745818469343974
lyrics_lyrics,MRR@k,19,0.6746833543190596
lyrics_lyrics,MRR@k,20,0.6747797863344889
lyrics_lyrics,nDCG@k,1,0.5414657666345226
lyrics_lyrics,nDCG@k,2,0.5288753305263568
lyrics_lyrics,nDCG@k,3,0.5262859894996379
lyrics_lyrics,nDCG@k,4,0.5241769258435903
lyrics_lyrics,nDCG@k,5,0.5235352644260828
lyrics_lyrics,nDCG@k,6,0.5244545313716418
lyrics_lyrics,nDCG@k,7,0.5236717524021667
lyrics_lyrics,nDCG@k,8,0.5240528265535456
lyrics_lyrics,nDCG@k,9,0.5235449966199303
lyrics_lyrics,nDCG@k,10,0.5226758911618226
lyrics_lyrics,nDCG@k,11,0.521461885133665
lyrics_lyrics,nDCG@k,12,0.5214104092861677
lyrics_lyrics,nDCG@k,13,0.5209515340120301
lyrics_lyrics,nDCG@k,14,0.5202603192435171
lyrics_lyrics,nDCG@k,15,0.5196743195266024
lyrics_lyrics,nDCG@k,16,0.5191569747268137
lyrics_lyrics,nDCG@k,17,0.5183332631490434
lyrics_lyrics,nDCG@k,18,0.5181870799008517
lyrics_lyrics,nDCG@k,19,0.5181842502593983
lyrics_lyrics,nDCG@k,20,0.5179087834329199
lyrics_lyrics,Coverage@k,1,0.5882352941176471
lyrics_lyrics,Coverage@k,2,0.7704918032786885
lyrics_lyrics,Coverage@k,3,0.8488428158148505
lyrics_lyrics,Coverage@k,4,0.8927193828351012
lyrics_lyrics,Coverage@k,5,0.9192381870781099
lyrics_lyrics,Coverage@k,6,0.9346673095467696
lyrics_lyrics,Coverage@k,7,0.9474445515911283
lyrics_lyrics,Coverage@k,8,0.9549180327868853
lyrics_lyrics,Coverage@k,9,0.9616682738669238
lyrics_lyrics,Coverage@k,10,0.9662487945998072
lyrics_lyrics,Coverage@k,11,0.9703471552555448
lyrics_lyrics,Coverage@k,12,0.9732401157184185
lyrics_lyrics,Coverage@k,13,0.976374156219865
lyrics_lyrics,Coverage@k,14,0.9780617164898746
lyrics_lyrics,Coverage@k,15,0.9814368370298939
lyrics_lyrics,Coverage@k,16,0.9836065573770492
lyrics_lyrics,Coverage@k,17,0.9848119575699132
lyrics_lyrics,Coverage@k,18,0.9869816779170685
lyrics_lyrics,Coverage@k,19,0.9891513982642237
lyrics_lyrics,Coverage@k,20,0.990115718418515
lyrics_lyrics,Pop@k,1,35.728302796528446
lyrics_lyrics,Pop@k,2,35.661644165863066
lyrics_lyrics,Pop@k,3,35.592414014786236
lyrics_lyrics,Pop@k,4,35.557316779170684
lyrics_lyrics,Pop@k,5,35.52160077145612
lyrics_lyrics,Pop@k,6,35.51884442301511
lyrics_lyrics,Pop@k,7,35.51077972172476
lyrics_lyrics,Pop@k,8,35.48683100289296
lyrics_lyrics,Pop@k,9,35.486151291117544
lyrics_lyrics,Pop@k,10,35.4705400192864
lyrics_lyrics,Pop@k,11,35.477930218287014
lyrics_lyrics,Pop@k,12,35.48099485695918
lyrics_lyrics,Pop@k,13,35.48703731177213
lyrics_lyrics,Pop@k,14,35.48612067777931
lyrics_lyrics,Pop@k,15,35.46565413050466
lyrics_lyrics,Pop@k,16,35.46153266634523
lyrics_lyrics,Pop@k,17,35.45138691928073
lyrics_lyrics,Pop@k,18,35.451596485588766
lyrics_lyrics,Pop@k,19,35.47331624625692
lyrics_lyrics,Pop@k,20,35.450470106075215
audio_audio,Precision@k,1,0.5465284474445516
audio_audio,Precision@k,2,0.5456846673095468
audio_audio,Precision@k,3,0.550305368048861
audio_audio,Precision@k,4,0.5506268081002893
audio_audio,Precision@k,5,0.5477338476374106
audio_audio,Precision@k,6,0.5474525875924134
audio_audio,Precision@k,7,0.546838407494149
audio_audio,Precision@k,8,0.5453531822565092
audio_audio,Precision@k,9,0.5435551269688269
audio_audio,Precision@k,10,0.5422613307618113
audio_audio,Precision@k,11,0.5424300867888145
audio_audio,Precision@k,12,0.542470266795241
audio_audio,Precision@k,13,0.5426340775906766
audio_audio,Precision@k,14,0.5416379666620756
audio_audio,Precision@k,15,0.5407264545162279
audio_audio,Precision@k,16,0.5403658389585342
audio_audio,Precision@k,17,0.5395796698621607
audio_audio,Precision@k,18,0.5400594664095165
audio_audio,Precision@k,19,0.5399431558645926
audio_audio,Precision@k,20,0.5399951783992261
audio_audio,Recall@k,1,0.00037294451286495114
audio_audio,Recall@k,2,0.0007334517590353384
audio_audio,Recall@k,3,0.0011326267355637346
audio_audio,Recall@k,4,0.001521000268416711
audio_audio,Recall@k,5,0.0018739302211262057
audio_audio,Recall@k,6,0.002245087912720129
audio_audio,Recall@k,7,0.002602721515823883
audio_audio,Recall@k,8,0.0029463560904980234
audio_audio,Recall@k,9,0.003287958224112636
audio_audio,Recall@k,10,0.0036188528962256914
audio_audio,Recall@k,11,0.003983414351011693
audio_audio,Recall@k,12,0.004331024785663591
audio_audio,Recall@k,13,0.004673183036146302
audio_audio,Recall@k,14,0.005013617189324481
audio_audio,Recall@k,15,0.005372129091936803
audio_audio,Recall@k,16,0.00574098453936844
audio_audio,Recall@k,17,0.006075651092065853
audio_audio,Recall@k,18,0.006444354758959897
audio_audio,Recall@k,19,0.006812147502547442
audio_audio,Recall@k,20,0.007160883343441062
audio_audio,MRR@k,1,0.5465284474445516
audio_audio,MRR@k,2,0.6316297010607522
audio_audio,MRR@k,3,0.6574252651880436
audio_audio,MRR@k,4,0.667128736740599
audio_audio,MRR@k,5,0.6719503375120542
audio_audio,MRR@k,6,0.6748834779813565
audio_audio,MRR@k,7,0.676502158240346
audio_audio,MRR@k,8,0.6775267484042804
audio_audio,MRR@k,9,0.6784107085457143
audio_audio,MRR@k,10,0.6789651926344316
audio_audio,MRR@k,11,0.6796007672815776
audio_audio,MRR@k,12,0.6800025673458656
audio_audio,MRR@k,13,0.6802621920027901
audio_audio,MRR@k,14,0.6806238120606494
audio_audio,MRR@k,15,0.6807845320863645
audio_audio,MRR@k,16,0.6809954771201157
audio_audio,MRR@k,17,0.6810663830138135
audio_audio,MRR@k,18,0.6812404963750052
audio_audio,MRR@k,19,0.681367380605833
audio_audio,MRR@k,20,0.6814879206251195
audio_audio,nDCG@k,1,0.5465284474445516
audio_audio,nDCG@k,2,0.5458756100167212
audio_audio,nDCG@k,3,0.5490834021759532
audio_audio,nDCG@k,4,0.5495050199831965
audio_audio,nDCG@k,5,0.5477543487711967
audio_audio,nDCG@k,6,0.5475702382766069
audio_audio,nDCG@k,7,0.547165536809685
audio_audio,nDCG@k,8,0.5461913307769088
audio_audio,nDCG@k,9,0.5449870220134623
audio_audio,nDCG@k,10,0.544072800377519
audio_audio,nDCG@k,11,0.5440753943971067
audio_audio,nDCG@k,12,0.5440136738272151
audio_audio,nDCG@k,13,0.5440424201261373
audio_audio,nDCG@k,14,0.5433420620703
audio_audio,nDCG@k,15,0.5426869962702686
audio_audio,nDCG@k,16,0.5423780021793051
audio_audio,nDCG@k,17,0.5417975928208265
audio_audio,nDCG@k,18,0.542028697461101
audio_audio,nDCG@k,19,0.5418888052182471
audio_audio,nDCG@k,20,0.5418611903845474
audio_audio,Coverage@k,1,0.5959498553519769
audio_audio,Coverage@k,2,0.7791706846673095
audio_audio,Coverage@k,3,0.8565573770491803
audio_audio,Coverage@k,4,0.8922372227579557
audio_audio,Coverage@k,5,0.920443587270974
audio_audio,Coverage@k,6,0.9387656702025072
audio_audio,Coverage@k,7,0.9486499517839923
audio_audio,Coverage@k,8,0.9592574734811957
audio_audio,Coverage@k,9,0.9650433944069431
audio_audio,Coverage@k,10,0.9710703953712633
audio_audio,Coverage@k,11,0.9756509161041466
audio_audio,Coverage@k,12,0.9797492767598843
audio_audio,Coverage@k,13,0.9821600771456124
audio_audio,Coverage@k,14,0.9831243972999035
audio_audio,Coverage@k,15,0.9848119575699132
audio_audio,Coverage@k,16,0.98625843780135
audio_audio,Coverage@k,17,0.9872227579556413
audio_audio,Coverage@k,18,0.9879459980713597
audio_audio,Coverage@k,19,0.9889103182256509
audio_audio,Coverage@k,20,0.9896335583413693
audio_audio,Pop@k,1,35.59619093539055
audio_audio,Pop@k,2,35.56316297010608
audio_audio,Pop@k,3,35.52346512375442
audio_audio,Pop@k,4,35.55038572806172
audio_audio,Pop@k,5,35.51832208293153
audio_audio,Pop@k,6,35.47958855673417
audio_audio,Pop@k,7,35.50716352114616
audio_audio,Pop@k,8,35.51853302796528
audio_audio,Pop@k,9,35.52469731061824
audio_audio,Pop@k,10,35.50062680810029
audio_audio,Pop@k,11,35.479464363987034
audio_audio,Pop@k,12,35.44682176149148
audio_audio,Pop@k,13,35.45100511831467
audio_audio,Pop@k,14,35.443156770905084
audio_audio,Pop@k,15,35.43220829315333
audio_audio,Pop@k,16,35.442653085824496
audio_audio,Pop@k,17,35.44056667990243
audio_audio,Pop@k,18,35.423416907746706
audio_audio,Pop@k,19,35.43422321473887
audio_audio,Pop@k,20,35.434546769527486
video_lyrics,Precision@k,1,0.5195274831243973
video_lyrics,Precision@k,2,0.524228543876567
video_lyrics,Precision@k,3,0.5258759241401486
video_lyrics,Precision@k,4,0.5238669238187078
video_lyrics,Precision@k,5,0.5256509161041442
video_lyrics,Precision@k,6,0.525433944069432
video_lyrics,Precision@k,7,0.5243835239013674
video_lyrics,Precision@k,8,0.522571118611379
video_lyrics,Precision@k,9,0.5225543769420393
video_lyrics,Precision@k,10,0.5224686595949842
video_lyrics,Precision@k,11,0.5223327781187018
video_lyrics,Precision@k,12,0.5221994535519127
video_lyrics,Precision@k,13,0.5215859357614356
video_lyrics,Precision@k,14,0.5211289433806315
video_lyrics,Precision@k,15,0.5213114754098351
video_lyrics,Precision@k,16,0.521441055930569
video_lyrics,Precision@k,17,0.5209030574621376
video_lyrics,Precision@k,18,0.5207864566591679
video_lyrics,Precision@k,19,0.520364919047861
video_lyrics,Precision@k,20,0.5195395371263261
video_lyrics,Recall@k,1,0.0003842428919903851
video_lyrics,Recall@k,2,0.0007938837426522195
video_lyrics,Recall@k,3,0.0012010808029594559
video_lyrics,Recall@k,4,0.0015659067613975838
video_lyrics,Recall@k,5,0.0019665212623236317
video_lyrics,Recall@k,6,0.0023419471759977537
video_lyrics,Recall@k,7,0.0027397594514153066
video_lyrics,Recall@k,8,0.0031116084446049263
video_lyrics,Recall@k,9,0.0035150565815342334
video_lyrics,Recall@k,10,0.003854112242663272
video_lyrics,Recall@k,11,0.004220563411108319
video_lyrics,Recall@k,12,0.004570798803901866
video_lyrics,Recall@k,13,0.004948474247842066
video_lyrics,Recall@k,14,0.005300581692971267
video_lyrics,Recall@k,15,0.005664549218156147
video_lyrics,Recall@k,16,0.00602663605371327
video_lyrics,Recall@k,17,0.006360531858517236
video_lyrics,Recall@k,18,0.006751760226814684
video_lyrics,Recall@k,19,0.007096612708002638
video_lyrics,Recall@k,20,0.007452879937816046
video_lyrics,MRR@k,1,0.5195274831243973
video_lyrics,MRR@k,2,0.6137897782063645
video_lyrics,MRR@k,3,0.6386210221793645
video_lyrics,MRR@k,4,0.6510969141755072
video_lyrics,MRR@k,5,0.6569792671166828
video_lyrics,MRR@k,6,0.6599927675988427
video_lyrics,MRR@k,7,0.6616458878633426
video_lyrics,MRR@k,8,0.6629115580658498
video_lyrics,MRR@k,9,0.6640098115749041
video_lyrics,MRR@k,10,0.6647812676983367
video_lyrics,MRR@k,11,0.6651976786740533
video_lyrics,MRR@k,12,0.6654789387190551
video_lyrics,MRR@k,13,0.6657941972310348
video_lyrics,MRR@k,14,0.6659147372503212
video_lyrics,MRR@k,15,0.6662361773017514
video_lyrics,MRR@k,16,0.6664471223355026
video_lyrics,MRR@k,17,0.6665889341228984
video_lyrics,MRR@k,18,0.6667764408195662
video_lyrics,MRR@k,19,0.6668525713580631
video_lyrics,MRR@k,20,0.6669731113773495
video_lyrics,nDCG@k,1,0.5195274831243973
video_lyrics,nDCG@k,2,0.5231647202223114
video_lyrics,nDCG@k,3,0.5245739558939542
video_lyrics,nDCG@k,4,0.5234417795098457
video_lyrics,nDCG@k,5,0.5246679048323072
video_lyrics,nDCG@k,6,0.5246335393931233
video_lyrics,nDCG@k,7,0.524033160324972
video_lyrics,nDCG@k,8,0.5229041570744575
video_lyrics,nDCG@k,9,0.5228728221711845
video_lyrics,nDCG@k,10,0.5227992975167163
video_lyrics,nDCG@k,11,0.5226948704809887
video_lyrics,nDCG@k,12,0.52259181929
video_lyrics,nDCG@k,13,0.5221831668993212
video_lyrics,nDCG@k,14,0.5218657184998923
video_lyrics,nDCG@k,15,0.5219525983891178
video_lyrics,nDCG@k,16,0.5220114128219301
video_lyrics,nDCG@k,17,0.5216455763183987
video_lyrics,nDCG@k,18,0.5215513090066571
video_lyrics,nDCG@k,19,0.521255352737504
video_lyrics,nDCG@k,20,0.5206946710862802
video_lyrics,Coverage@k,1,0.4889103182256509
video_lyrics,Coverage@k,2,0.6615236258437801
video_lyrics,Coverage@k,3,0.7468659594985535
video_lyrics,Coverage@k,4,0.7994214079074252
video_lyrics,Coverage@k,5,0.8322082931533269
video_lyrics,Coverage@k,6,0.859450337512054
video_lyrics,Coverage@k,7,0.8780135004821601
video_lyrics,Coverage@k,8,0.8932015429122468
video_lyrics,Coverage@k,9,0.9057377049180327
video_lyrics,Coverage@k,10,0.9151398264223722
video_lyrics,Coverage@k,11,0.9259884281581485
video_lyrics,Coverage@k,12,0.9300867888138862
video_lyrics,Coverage@k,13,0.9349083895853423
video_lyrics,Coverage@k,14,0.9394889103182257
video_lyrics,Coverage@k,15,0.9435872709739633
video_lyrics,Coverage@k,16,0.9484088717454194
video_lyrics,Coverage@k,17,0.9520250723240116
video_lyrics,Coverage@k,18,0.9549180327868853
video_lyrics,Coverage@k,19,0.9573288331726133
video_lyrics,Coverage@k,20,0.9592574734811957
video_lyrics,Pop@k,1,36.819189971070394
video_lyrics,Pop@k,2,36.814850530376084
video_lyrics,Pop@k,3,36.74091931854709
video_lyrics,Pop@k,4,36.78079797492767
video_lyrics,Pop@k,5,36.80655737704918
video_lyrics,Pop@k,6,36.78756830601093
video_lyrics,Pop@k,7,36.705641272902604
video_lyrics,Pop@k,8,36.71209016393443
video_lyrics,Pop@k,9,36.7268027429551
video_lyrics,Pop@k,10,36.70224204435873
video_lyrics,Pop@k,11,36.676317173665296
video_lyrics,Pop@k,12,36.63785760205721
video_lyrics,Pop@k,13,36.63240857503152
video_lyrics,Pop@k,14,36.622468659594986
video_lyrics,Pop@k,15,36.62986178077789
video_lyrics,Pop@k,16,36.612102217936354
video_lyrics,Pop@k,17,36.60228884224856
video_lyrics,Pop@k,18,36.5777081324333
video_lyrics,Pop@k,19,36.57198142414861
video_lyrics,Pop@k,20,36.55166345226615
lyrics_audio,Precision@k,1,0.4633558341369335
lyrics_audio,Precision@k,2,0.3599324975891996
lyrics_audio,Precision@k,3,0.43097074895532284
lyrics_audio,Precision@k,4,0.43490838958534234
lyrics_audio,Precision@k,5,0.4116200578592114
lyrics_audio,Precision@k,6,0.43072966891674996
lyrics_audio,Precision@k,7,0.4162074665931928
lyrics_audio,Precision@k,8,0.43475771456123435
lyrics_audio,Precision@k,9,0.4275956284153018
lyrics_audio,Precision@k,10,0.41771938283509813
lyrics_audio,Precision@k,11,0.4256596826510021
lyrics_audio,Precision@k,12,0.4168675666988095
lyrics_audio,Precision@k,13,0.4207217565462503
lyrics_audio,Precision@k,14,0.41570808651329577
lyrics_audio,Precision@k,15,0.406557377049182
lyrics_audio,Precision@k,16,0.4027242044358727
lyrics_audio,Precision@k,17,0.40480174712121886
lyrics_audio,Precision@k,18,0.3979695703417982
lyrics_audio,Precision@k,19,0.3914124752575707
lyrics_audio,Precision@k,20,0.39568466730954654
lyrics_audio,Recall@k,1,0.0002439412164555862
lyrics_audio,Recall@k,2,0.00040977933929095566
lyrics_audio,Recall@k,3,0.0007235609839961966
lyrics_audio,Recall@k,4,0.0009579641177365415
lyrics_audio,Recall@k,5,0.001147911669272499
lyrics_audio,Recall@k,6,0.0014591140638542746
lyrics_audio,Recall@k,7,0.0016509699755166128
lyrics_audio,Recall@k,8,0.001951033209243181
lyrics_audio,Recall@k,9,0.0021532327803486778
lyrics_audio,Recall@k,10,0.0023581130418649666
lyrics_audio,Recall@k,11,0.002686302670392482
lyrics_audio,Recall@k,12,0.0029007763227715203
lyrics_audio,Recall@k,13,0.003144656354763437
lyrics_audio,Recall@k,14,0.0033661608003185224
lyrics_audio,Recall@k,15,0.0036144895905267996
lyrics_audio,Recall@k,16,0.0037952583001063535
lyrics_audio,Recall@k,17,0.004013290044888765
lyrics_audio,Recall@k,18,0.0041708278702395594
lyrics_audio,Recall@k,19,0.004347728677387646
lyrics_audio,Recall@k,20,0.004611479200860094
lyrics_audio,MRR@k,1,0.4633558341369335
lyrics_audio,MRR@k,2,0.5115718418514947
lyrics_audio,MRR@k,3,0.566779170684666
lyrics_audio,MRR@k,4,0.5737102217936343
lyrics_audio,MRR@k,5,0.5793032786885237
lyrics_audio,MRR@k,6,0.5896295403407257
lyrics_audio,MRR@k,7,0.5922814207650271
lyrics_audio,MRR@k,8,0.5935470909675344
lyrics_audio,MRR@k,9,0.594163184399443
lyrics_audio,MRR@k,10,0.5949587485267328
lyrics_audio,MRR@k,11,0.5961641487195963
lyrics_audio,MRR@k,12,0.5962645987356684
lyrics_audio,MRR@k,13,0.5965984018659997
lyrics_audio,MRR@k,14,0.5968567019073276
lyrics_audio,MRR@k,15,0.5971459979536149
lyrics_audio,MRR@k,16,0.5972816054753121
lyrics_audio,MRR@k,17,0.5973808737264891
lyrics_audio,MRR@k,18,0.597528200416728
lyrics_audio,MRR@k,19,0.597642396224473
lyrics_audio,MRR@k,20,0.5979196382688318
lyrics_audio,nDCG@k,1,0.4633558341369335
lyrics_audio,nDCG@k,2,0.38333661798282315
lyrics_audio,nDCG@k,3,0.427850200231799
lyrics_audio,nDCG@k,4,0.4310229536718824
lyrics_audio,nDCG@k,5,0.41625500574576874
lyrics_audio,nDCG@k,6,0.4281142615469228
lyrics_audio,nDCG@k,7,0.41903967672796394
lyrics_audio,nDCG@k,8,0.4306553496417739
lyrics_audio,nDCG@k,9,0.4263847859099626
lyrics_audio,nDCG@k,10,0.42017847538194303
lyrics_audio,nDCG@k,11,0.42508834351849467
lyrics_audio,nDCG@k,12,0.4195201852797734
lyrics_audio,nDCG@k,13,0.42184741191561287
lyrics_audio,nDCG@k,14,0.41859433125959356
lyrics_audio,nDCG@k,15,0.41263474437734654
lyrics_audio,nDCG@k,16,0.40993501956216893
lyrics_audio,nDCG@k,17,0.41099828636282226
lyrics_audio,nDCG@k,18,0.4063787084768473
lyrics_audio,nDCG@k,19,0.4018699027195113
lyrics_audio,nDCG@k,20,0.4042962456679365
lyrics_audio,Coverage@k,1,0.20033751205400194
lyrics_audio,Coverage@k,2,0.28399228543876565
lyrics_audio,Coverage@k,3,0.328351012536162
lyrics_audio,Coverage@k,4,0.3555930568948891
lyrics_audio,Coverage@k,5,0.37367405978784957
lyrics_audio,Coverage@k,6,0.390549662487946
lyrics_audio,Coverage@k,7,0.4026036644165863
lyrics_audio,Coverage@k,8,0.41297010607521695
lyrics_audio,Coverage@k,9,0.4218900675024108
lyrics_audio,Coverage@k,10,0.4276759884281581
lyrics_audio,Coverage@k,11,0.43201542912246865
lyrics_audio,Coverage@k,12,0.43514946962391515
lyrics_audio,Coverage@k,13,0.44021215043394407
lyrics_audio,Coverage@k,14,0.44358727097396333
lyrics_audio,Coverage@k,15,0.44720347155255546
lyrics_audio,Coverage@k,16,0.45081967213114754
lyrics_audio,Coverage@k,17,0.4541947926711668
lyrics_audio,Coverage@k,18,0.4582931533269045
lyrics_audio,Coverage@k,19,0.4621504339440694
lyrics_audio,Coverage@k,20,0.4652844744455159
lyrics_audio,Pop@k,1,37.60486981677917
lyrics_audio,Pop@k,2,37.58871745419479
lyrics_audio,Pop@k,3,36.74670523947283
lyrics_audio,Pop@k,4,37.88006268081003
lyrics_audio,Pop@k,5,37.37801350048216
lyrics_audio,Pop@k,6,36.97219543555128
lyrics_audio,Pop@k,7,36.066813610690176
lyrics_audio,Pop@k,8,34.71465163934426
lyrics_audio,Pop@k,9,35.03431372549019
lyrics_audio,Pop@k,10,34.47808582449373
lyrics_audio,Pop@k,11,33.92454194792671
lyrics_audio,Pop@k,12,33.2699493731919
lyrics_audio,Pop@k,13,33.47511312217195
lyrics_audio,Pop@k,14,32.83866579418653
lyrics_audio,Pop@k,15,33.09164255866281
lyrics_audio,Pop@k,16,33.20063886210222
lyrics_audio,Pop@k,17,33.14573997390663
lyrics_audio,Pop@k,18,32.95080627879567
lyrics_audio,Pop@k,19,33.024196822818865
lyrics_audio,Pop@k,20,33.03651157184186
video_audio,Precision@k,1,0.5675024108003858
video_audio,Precision@k,2,0.5572565091610414
video_audio,Precision@k,3,0.5546448087431706
video_audio,Precision@k,4,0.5536403085824494
video_audio,Precision@k,5,0.5513982642237187
video_audio,Precision@k,6,0.5496223079395691
video_audio,Precision@k,7,0.5500413280066156
video_audio,Precision@k,8,0.5483365477338477
video_audio,Precision@k,9,0.547224900889323
video_audio,Precision@k,10,0.5462391513982645
video_audio,Precision@k,11,0.545366879985977
video_audio,Precision@k,12,0.5446600771456125
video_audio,Precision@k,13,0.5438394777835416
video_audio,Precision@k,14,0.5434805069568813
video_audio,Precision@k,15,0.5434426229508174
video_audio,Precision@k,16,0.5432437319189971
video_audio,Precision@k,17,0.542812978614785
video_audio,Precision@k,18,0.5425104468016724
video_audio,Precision@k,19,0.5416053392884367
video_audio,Precision@k,20,0.541863548698167
video_audio,Recall@k,1,0.0003947854004116496
video_audio,Recall@k,2,0.0008019127680122964
video_audio,Recall@k,3,0.001195795504039988
video_audio,Recall@k,4,0.0015754804035899893
video_audio,Recall@k,5,0.0019417061312140614
video_audio,Recall@k,6,0.0022867557235608173
video_audio,Recall@k,7,0.002634186861291107
video_audio,Recall@k,8,0.0030235886148279245
video_audio,Recall@k,9,0.003424144190849675
video_audio,Recall@k,10,0.003818163151647398
video_audio,Recall@k,11,0.00416967614401637
video_audio,Recall@k,12,0.004510522648777646
video_audio,Recall@k,13,0.004854661915894566
video_audio,Recall@k,14,0.005202207626400293
video_audio,Recall@k,15,0.005554445428212095
video_audio,Recall@k,16,0.005888417669940079
video_audio,Recall@k,17,0.0062211522897836205
video_audio,Recall@k,18,0.006582937604429142
video_audio,Recall@k,19,0.00691290380870565
video_audio,Recall@k,20,0.007283104284965647
video_audio,MRR@k,1,0.5675024108003858
video_audio,MRR@k,2,0.6472999035679846
video_audio,MRR@k,3,0.6705239472838322
video_audio,MRR@k,4,0.6801068788171013
video_audio,MRR@k,5,0.6847838315654129
video_audio,MRR@k,6,0.6874357119897135
video_audio,MRR@k,7,0.6893643522982966
video_audio,MRR@k,8,0.6905396174863391
video_audio,MRR@k,9,0.6913432176149154
video_audio,MRR@k,10,0.6922593217614916
video_audio,MRR@k,11,0.6928072309400659
video_audio,MRR@k,12,0.6932693010139973
video_audio,MRR@k,13,0.6935660149076253
video_audio,MRR@k,14,0.6938415349517084
video_audio,MRR@k,15,0.6940986869928526
video_audio,MRR@k,16,0.6942342945145498
video_audio,MRR@k,17,0.6944186498381641
video_audio,MRR@k,18,0.6945659765284034
video_audio,MRR@k,19,0.6946167302207343
video_audio,MRR@k,20,0.6947131622361635
video_audio,nDCG@k,1,0.5675024108003858
video_audio,nDCG@k,2,0.5595750991767267
video_audio,nDCG@k,3,0.5571926435250844
video_audio,nDCG@k,4,0.5560887457915512
video_audio,nDCG@k,5,0.554296660378386
video_audio,nDCG@k,6,0.5528356717493498
video_audio,nDCG@k,7,0.5528099961612728
video_audio,nDCG@k,8,0.5515172468315357
video_audio,nDCG@k,9,0.5505966014187195
video_audio,nDCG@k,10,0.5497640456450914
video_audio,nDCG@k,11,0.5490134360372072
video_audio,nDCG@k,12,0.5483774596026797
video_audio,nDCG@k,13,0.5476789656590972
video_audio,nDCG@k,14,0.5472819067602541
video_audio,nDCG@k,15,0.5471029013110846
video_audio,nDCG@k,16,0.5468356636863646
video_audio,nDCG@k,17,0.5464297188892852
video_audio,nDCG@k,18,0.5461117430490501
video_audio,nDCG@k,19,0.5454112322229253
video_audio,nDCG@k,20,0.5454607454526189
video_audio,Coverage@k,1,0.5851012536162006
video_audio,Coverage@k,2,0.7791706846673095
video_audio,Coverage@k,3,0.8688524590163934
video_audio,Coverage@k,4,0.9100771456123433
video_audio,Coverage@k,5,0.9385245901639344
video_audio,Coverage@k,6,0.9551591128254581
video_audio,Coverage@k,7,0.9633558341369335
video_audio,Coverage@k,8,0.9720347155255545
video_audio,Coverage@k,9,0.9787849566055931
video_audio,Coverage@k,10,0.9840887174541948
video_audio,Coverage@k,11,0.9867405978784957
video_audio,Coverage@k,12,0.9881870781099324
video_audio,Coverage@k,13,0.9908389585342333
video_audio,Coverage@k,14,0.9920443587270974
video_audio,Coverage@k,15,0.992526518804243
video_audio,Coverage@k,16,0.9939729990356798
video_audio,Coverage@k,17,0.9942140790742526
video_audio,Coverage@k,18,0.9951783992285439
video_audio,Coverage@k,19,0.9959016393442623
video_audio,Coverage@k,20,0.996142719382835
video_audio,Pop@k,1,35.96166827386693
video_audio,Pop@k,2,36.06135486981678
video_audio,Pop@k,3,35.96560591449695
video_audio,Pop@k,4,36.03941658630665
video_audio,Pop@k,5,35.94127290260367
video_audio,Pop@k,6,35.943346190935394
video_audio,Pop@k,7,35.92374982779997
video_audio,Pop@k,8,35.9031762295082
video_audio,Pop@k,9,35.899737490624666
video_audio,Pop@k,10,35.914392478302794
video_audio,Pop@k,11,35.88851144034365
video_audio,Pop@k,12,35.89281983285118
video_audio,Pop@k,13,35.894221496921595
video_audio,Pop@k,14,35.897437663590026
video_audio,Pop@k,15,35.886660237865634
video_audio,Pop@k,16,35.884296648987466
video_audio,Pop@k,17,35.884820466277155
video_audio,Pop@k,18,35.87427675988428
video_audio,Pop@k,19,35.88646399025529
video_audio,Pop@k,20,35.87569913211186
nn_late_fusion,Precision@k,1,0.5824493731918997
nn_late_fusion,Precision@k,2,0.5800385728061717
nn_late_fusion,Precision@k,3,0.5822082931533278
nn_late_fusion,Precision@k,4,0.5822082931533269
nn_late_fusion,Precision@k,5,0.5820636451301799
nn_late_fusion,Precision@k,6,0.5816055930568941
nn_late_fusion,Precision@k,7,0.5807273729163832
nn_late_fusion,Precision@k,8,0.5805207328833173
nn_late_fusion,Precision@k,9,0.5798778527804623
nn_late_fusion,Precision@k,10,0.5798457087753152
nn_late_fusion,Precision@k,11,0.5780880161304487
nn_late_fusion,Precision@k,12,0.5773666023786579
nn_late_fusion,Precision@k,13,0.5767932645946096
nn_late_fusion,Precision@k,14,0.5769561923129883
nn_late_fusion,Precision@k,15,0.5761652201864317
nn_late_fusion,Precision@k,16,0.5754279170684667
nn_late_fusion,Precision@k,17,0.5751318849622823
nn_late_fusion,Precision@k,18,0.57441337190614
nn_late_fusion,Precision@k,19,0.5734659696492971
nn_late_fusion,Precision@k,20,0.5727097396335569
nn_late_fusion,Recall@k,1,0.00046555104072823093
nn_late_fusion,Recall@k,2,0.0009131047200096746
nn_late_fusion,Recall@k,3,0.0013550637016892602
nn_late_fusion,Recall@k,4,0.001791484682042665
nn_late_fusion,Recall@k,5,0.002214615133116009
nn_late_fusion,Recall@k,6,0.002650973512398855
nn_late_fusion,Recall@k,7,0.003069879909226292
nn_late_fusion,Recall@k,8,0.00346627181373208
nn_late_fusion,Recall@k,9,0.003886820027555461
nn_late_fusion,Recall@k,10,0.004287459712208883
nn_late_fusion,Recall@k,11,0.004679413250453428
nn_late_fusion,Recall@k,12,0.0050905605908453146
nn_late_fusion,Recall@k,13,0.005513235943007007
nn_late_fusion,Recall@k,14,0.005938796383154362
nn_late_fusion,Recall@k,15,0.006324401979823313
nn_late_fusion,Recall@k,16,0.006712596226750449
nn_late_fusion,Recall@k,17,0.007110435110176764
nn_late_fusion,Recall@k,18,0.007497174848306575
nn_late_fusion,Recall@k,19,0.007865555994843771
nn_late_fusion,Recall@k,20,0.008242954428579048
nn_late_fusion,MRR@k,1,0.5824493731918997
nn_late_fusion,MRR@k,2,0.6648987463837994
nn_late_fusion,MRR@k,3,0.6887656702025082
nn_late_fusion,MRR@k,4,0.6981075216972048
nn_late_fusion,MRR@k,5,0.702061234329798
nn_late_fusion,MRR@k,6,0.7043514946962389
nn_late_fusion,MRR@k,7,0.7057979749276763
nn_late_fusion,MRR@k,8,0.7068527000964323
nn_late_fusion,MRR@k,9,0.7076295135540563
nn_late_fusion,MRR@k,10,0.7082563216543453
nn_late_fusion,MRR@k,11,0.7086508162629188
nn_late_fusion,MRR@k,12,0.7089923463175637
nn_late_fusion,MRR@k,13,0.7092334263561363
nn_late_fusion,MRR@k,14,0.7095089464002193
nn_late_fusion,MRR@k,15,0.7097018104310775
nn_late_fusion,MRR@k,16,0.709882620460007
nn_late_fusion,MRR@k,17,0.7101378816773192
nn_late_fusion,MRR@k,18,0.7102316350256532
nn_late_fusion,MRR@k,19,0.7102823887179845
nn_late_fusion,MRR@k,20,0.7103547127295564
nn_late_fusion,nDCG@k,1,0.5824493731918997
nn_late_fusion,nDCG@k,2,0.5805841233980968
nn_late_fusion,nDCG@k,3,0.5819834211552266
nn_late_fusion,nDCG@k,4,0.5820212283302421
nn_late_fusion,nDCG@k,5,0.5819508794094185
nn_late_fusion,nDCG@k,6,0.581666796056867
nn_late_fusion,nDCG@k,7,0.5810979171307976
nn_late_fusion,nDCG@k,8,0.5809364397574959
nn_late_fusion,nDCG@k,9,0.5804976388648018
nn_late_fusion,nDCG@k,10,0.5804377573161745
nn_late_fusion,nDCG@k,11,0.5792851599631975
nn_late_fusion,nDCG@k,12,0.5787622673825474
nn_late_fusion,nDCG@k,13,0.5783282746187836
nn_late_fusion,nDCG@k,14,0.5783623019262966
nn_late_fusion,nDCG@k,15,0.5777962763500926
nn_late_fusion,nDCG@k,16,0.5772588946702876
nn_late_fusion,nDCG@k,17,0.5770001188078993
nn_late_fusion,nDCG@k,18,0.5764712423918233
nn_late_fusion,nDCG@k,19,0.575790529787048
nn_late_fusion,nDCG@k,20,0.575226768304837
nn_late_fusion,Coverage@k,1,0.5655737704918032
nn_late_fusion,Coverage@k,2,0.7584378013500482
nn_late_fusion,Coverage@k,3,0.8404050144648023
nn_late_fusion,Coverage@k,4,0.8864513018322083
nn_late_fusion,Coverage@k,5,0.9134522661523626
nn_late_fusion,Coverage@k,6,0.9322565091610414
nn_late_fusion,Coverage@k,7,0.9421407907425265
nn_late_fusion,Coverage@k,8,0.9534715525554484
nn_late_fusion,Coverage@k,9,0.9604628736740598
nn_late_fusion,Coverage@k,10,0.9660077145612344
nn_late_fusion,Coverage@k,11,0.9686595949855352
nn_late_fusion,Coverage@k,12,0.9742044358727098
nn_late_fusion,Coverage@k,13,0.9773384763741563
nn_late_fusion,Coverage@k,14,0.9792671166827387
nn_late_fusion,Coverage@k,15,0.982642237222758
nn_late_fusion,Coverage@k,16,0.9840887174541948
nn_late_fusion,Coverage@k,17,0.9857762777242044
nn_late_fusion,Coverage@k,18,0.9872227579556413
nn_late_fusion,Coverage@k,19,0.9879459980713597
nn_late_fusion,Coverage@k,20,0.9884281581485053
nn_late_fusion,Pop@k,1,35.771697203471554
nn_late_fusion,Pop@k,2,35.810149469623916
nn_late_fusion,Pop@k,3,35.80118932819029
nn_late_fusion,Pop@k,4,35.78495660559306
nn_late_fusion,Pop@k,5,35.795901639344265
nn_late_fusion,Pop@k,6,35.834337833494054
nn_late_fusion,Pop@k,7,35.882731781237084
nn_late_fusion,Pop@k,8,35.93843418514947
nn_late_fusion,Pop@k,9,35.91551483981571
nn_late_fusion,Pop@k,10,35.90094021215044
nn_late_fusion,Pop@k,11,35.89434119400369
nn_late_fusion,Pop@k,12,35.90119736419158
nn_late_fusion,Pop@k,13,35.91146799198873
nn_late_fusion,Pop@k,14,35.925230748036924
nn_late_fusion,Pop@k,15,35.906814529090326
nn_late_fusion,Pop@k,16,35.90522540983606
nn_late_fusion,Pop@k,17,35.911863974133524
nn_late_fusion,Pop@k,18,35.931653809064606
nn_late_fusion,Pop@k,19,35.93160939958383
nn_late_fusion,Pop@k,20,35.91708052073288
