QueryID	Algorithm	Metric	k	Value
GLOBAL	random	Coverage@k	1	0.6270491803278688
GLOBAL	random	Pop@k	1	35.70708775313404
GLOBAL	random	Coverage@k	2	0.8633076181292189
GLOBAL	random	Pop@k	2	34.834016393442624
GLOBAL	random	Coverage@k	3	0.9517839922854388
GLOBAL	random	Pop@k	3	35.278688524590166
GLOBAL	random	Coverage@k	4	0.9860173577627772
GLOBAL	random	Pop@k	4	35.39874638379942
GLOBAL	random	Coverage@k	5	0.9922854387656702
GLOBAL	random	Pop@k	5	35.22227579556413
GLOBAL	random	Coverage@k	6	0.9973481195756991
GLOBAL	random	Pop@k	6	35.27659916425587
GLOBAL	random	Coverage@k	7	0.9995178399228544
GLOBAL	random	Pop@k	7	35.41958258713321
GLOBAL	random	Coverage@k	8	0.9992767598842816
GLOBAL	random	Pop@k	8	35.42457208293153
GLOBAL	random	Coverage@k	9	1.0
GLOBAL	random	Pop@k	9	35.396764170148934
GLOBAL	random	Coverage@k	10	1.0
GLOBAL	random	Pop@k	10	35.46311475409836
GLOBAL	random	Coverage@k	11	1.0
GLOBAL	random	Pop@k	11	35.444047514683966
GLOBAL	random	Coverage@k	12	1.0
GLOBAL	random	Pop@k	12	35.288532626165214
GLOBAL	random	Coverage@k	13	1.0
GLOBAL	random	Pop@k	13	35.36282545805207
GLOBAL	random	Coverage@k	14	1.0
GLOBAL	random	Pop@k	14	35.346621435459426
GLOBAL	random	Coverage@k	15	1.0
GLOBAL	random	Pop@k	15	35.264513018322084
GLOBAL	random	Coverage@k	16	1.0
GLOBAL	random	Pop@k	16	35.39065513500482
GLOBAL	random	Coverage@k	17	1.0
GLOBAL	random	Pop@k	17	35.40826195473368
GLOBAL	random	Coverage@k	18	1.0
GLOBAL	random	Pop@k	18	35.30390817529198
GLOBAL	random	Coverage@k	19	1.0
GLOBAL	random	Pop@k	19	35.341394711465256
GLOBAL	random	Coverage@k	20	1.0
GLOBAL	random	Pop@k	20	35.38142478302797
GLOBAL	lyrics	Coverage@k	1	0.4038090646094503
GLOBAL	lyrics	Pop@k	1	37.65115718418515
GLOBAL	lyrics	Coverage@k	2	0.5467695274831244
GLOBAL	lyrics	Pop@k	2	37.87512054001929
GLOBAL	lyrics	Coverage@k	3	0.636933461909354
GLOBAL	lyrics	Pop@k	3	37.77700096432015
GLOBAL	lyrics	Coverage@k	4	0.6926229508196722
GLOBAL	lyrics	Pop@k	4	37.81322324011572
GLOBAL	lyrics	Coverage@k	5	0.7336065573770492
GLOBAL	lyrics	Pop@k	5	37.790405014464795
GLOBAL	lyrics	Coverage@k	6	0.7656702025072324
GLOBAL	lyrics	Pop@k	6	37.768040822886526
GLOBAL	lyrics	Coverage@k	7	0.7902603664416586
GLOBAL	lyrics	Pop@k	7	37.77180052348809
GLOBAL	lyrics	Coverage@k	8	0.8085824493731919
GLOBAL	lyrics	Pop@k	8	37.771486258437804
GLOBAL	lyrics	Coverage@k	9	0.8223240115718419
GLOBAL	lyrics	Pop@k	9	37.78584056573449
GLOBAL	lyrics	Coverage@k	10	0.8326904532304725
GLOBAL	lyrics	Pop@k	10	37.77528929604628
GLOBAL	lyrics	Coverage@k	11	0.8461909353905497
GLOBAL	lyrics	Pop@k	11	37.77533532041729
GLOBAL	lyrics	Coverage@k	12	0.8572806171648988
GLOBAL	lyrics	Pop@k	12	37.78061716489874
GLOBAL	lyrics	Coverage@k	13	0.8666827386692382
GLOBAL	lyrics	Pop@k	13	37.74512276537349
GLOBAL	lyrics	Coverage@k	14	0.874397299903568
GLOBAL	lyrics	Pop@k	14	37.73265945722551
GLOBAL	lyrics	Coverage@k	15	0.883076181292189
GLOBAL	lyrics	Pop@k	15	37.7420443587271
GLOBAL	lyrics	Coverage@k	16	0.8895853423336548
GLOBAL	lyrics	Pop@k	16	37.72742888138862
GLOBAL	lyrics	Coverage@k	17	0.8953712632594021
GLOBAL	lyrics	Pop@k	17	37.70386862556016
GLOBAL	lyrics	Coverage@k	18	0.9011571841851495
GLOBAL	lyrics	Pop@k	18	37.681439515696994
GLOBAL	lyrics	Coverage@k	19	0.9069431051108968
GLOBAL	lyrics	Pop@k	19	37.64845455006852
GLOBAL	lyrics	Coverage@k	20	0.9110414657666345
GLOBAL	lyrics	Pop@k	20	37.637668756027
GLOBAL	audio	Coverage@k	1	0.48987463837994216
GLOBAL	audio	Pop@k	1	36.86620057859209
GLOBAL	audio	Coverage@k	2	0.6518804243008679
GLOBAL	audio	Pop@k	2	36.70841369334619
GLOBAL	audio	Coverage@k	3	0.7427675988428158
GLOBAL	audio	Pop@k	3	36.73682095789135
GLOBAL	audio	Coverage@k	4	0.7905014464802315
GLOBAL	audio	Pop@k	4	36.75132594021215
GLOBAL	audio	Coverage@k	5	0.8281099324975892
GLOBAL	audio	Pop@k	5	36.76475409836066
GLOBAL	audio	Coverage@k	6	0.8539054966248795
GLOBAL	audio	Pop@k	6	36.80966730954677
GLOBAL	audio	Coverage@k	7	0.8739151398264223
GLOBAL	audio	Pop@k	7	36.81698581071773
GLOBAL	audio	Coverage@k	8	0.8912729026036644
GLOBAL	audio	Pop@k	8	36.826000482160076
GLOBAL	audio	Coverage@k	9	0.9052555448408872
GLOBAL	audio	Pop@k	9	36.80285010178934
GLOBAL	audio	Coverage@k	10	0.916586306653809
GLOBAL	audio	Pop@k	10	36.82562680810029
GLOBAL	audio	Coverage@k	11	0.9274349083895853
GLOBAL	audio	Pop@k	11	36.8702331901464
GLOBAL	audio	Coverage@k	12	0.9349083895853423
GLOBAL	audio	Pop@k	12	36.891815332690456
GLOBAL	audio	Coverage@k	13	0.9428640308582449
GLOBAL	audio	Pop@k	13	36.897911875973584
GLOBAL	audio	Coverage@k	14	0.9481677917068466
GLOBAL	audio	Pop@k	14	36.91495040639206
GLOBAL	audio	Coverage@k	15	0.9525072324011572
GLOBAL	audio	Pop@k	15	36.910784313725486
GLOBAL	audio	Coverage@k	16	0.956364513018322
GLOBAL	audio	Pop@k	16	36.90267900192864
GLOBAL	audio	Coverage@k	17	0.9607039537126326
GLOBAL	audio	Pop@k	17	36.92540699982982
GLOBAL	audio	Coverage@k	18	0.9633558341369335
GLOBAL	audio	Pop@k	18	36.89938926390228
GLOBAL	audio	Coverage@k	19	0.96648987463838
GLOBAL	audio	Pop@k	19	36.90670202507233
GLOBAL	audio	Coverage@k	20	0.968900675024108
GLOBAL	audio	Pop@k	20	36.91739392478303
GLOBAL	video	Coverage@k	1	0.4910800385728062
GLOBAL	video	Pop@k	1	36.25916104146577
GLOBAL	video	Coverage@k	2	0.6395853423336548
GLOBAL	video	Pop@k	2	36.47239633558341
GLOBAL	video	Coverage@k	3	0.7070877531340405
GLOBAL	video	Pop@k	3	36.55978784956606
GLOBAL	video	Coverage@k	4	0.759884281581485
GLOBAL	video	Pop@k	4	36.583835583413695
GLOBAL	video	Coverage@k	5	0.7950819672131147
GLOBAL	video	Pop@k	5	36.59498553519769
GLOBAL	video	Coverage@k	6	0.8191899710703954
GLOBAL	video	Pop@k	6	36.54210864673739
GLOBAL	video	Coverage@k	7	0.8387174541947927
GLOBAL	video	Pop@k	7	36.64020526243284
GLOBAL	video	Coverage@k	8	0.8522179363548699
GLOBAL	video	Pop@k	8	36.68623432979749
GLOBAL	video	Coverage@k	9	0.8657184185149469
GLOBAL	video	Pop@k	9	36.66658630665381
GLOBAL	video	Coverage@k	10	0.8763259402121505
GLOBAL	video	Pop@k	10	36.70578592092574
GLOBAL	video	Coverage@k	11	0.8845226615236258
GLOBAL	video	Pop@k	11	36.70439203997546
GLOBAL	video	Coverage@k	12	0.8895853423336548
GLOBAL	video	Pop@k	12	36.73250160720026
GLOBAL	video	Coverage@k	13	0.8963355834136933
GLOBAL	video	Pop@k	13	36.759865736963135
GLOBAL	video	Coverage@k	14	0.8999517839922855
GLOBAL	video	Pop@k	14	36.778636864581905
GLOBAL	video	Coverage@k	15	0.904291224686596
GLOBAL	video	Pop@k	15	36.817936354869815
GLOBAL	video	Coverage@k	16	0.909112825458052
GLOBAL	video	Pop@k	16	36.83513138862102
GLOBAL	video	Coverage@k	17	0.9120057859209257
GLOBAL	video	Pop@k	17	36.87641102728459
GLOBAL	video	Coverage@k	18	0.9158630665380907
GLOBAL	video	Pop@k	18	36.90307243115826
GLOBAL	video	Coverage@k	19	0.9199614271938283
GLOBAL	video	Pop@k	19	36.93195198700706
GLOBAL	video	Coverage@k	20	0.9230954676952748
GLOBAL	video	Pop@k	20	36.94710703953712
GLOBAL	early_fusion	Coverage@k	1	0.3789778206364513
GLOBAL	early_fusion	Pop@k	1	39.18683702989392
GLOBAL	early_fusion	Coverage@k	2	0.49397299903567987
GLOBAL	early_fusion	Pop@k	2	39.83678881388621
GLOBAL	early_fusion	Coverage@k	3	0.56099324975892
GLOBAL	early_fusion	Pop@k	3	39.840565734490525
GLOBAL	early_fusion	Coverage@k	4	0.6089681774349084
GLOBAL	early_fusion	Pop@k	4	39.8904893924783
GLOBAL	early_fusion	Coverage@k	5	0.6419961427193829
GLOBAL	early_fusion	Pop@k	5	39.995949855351974
GLOBAL	early_fusion	Coverage@k	6	0.6682738669238187
GLOBAL	early_fusion	Pop@k	6	39.99975891996143
GLOBAL	early_fusion	Coverage@k	7	0.6909353905496625
GLOBAL	early_fusion	Pop@k	7	40.00378840060615
GLOBAL	early_fusion	Coverage@k	8	0.7061234329797492
GLOBAL	early_fusion	Pop@k	8	40.00455038572806
GLOBAL	early_fusion	Coverage@k	9	0.7227579556412729
GLOBAL	early_fusion	Pop@k	9	39.98462445087325
GLOBAL	early_fusion	Coverage@k	10	0.7352941176470589
GLOBAL	early_fusion	Pop@k	10	39.99021215043394
GLOBAL	early_fusion	Coverage@k	11	0.7473481195756991
GLOBAL	early_fusion	Pop@k	11	40.023340931007276
GLOBAL	early_fusion	Coverage@k	12	0.7579556412729026
GLOBAL	early_fusion	Pop@k	12	40.02655898424944
GLOBAL	early_fusion	Coverage@k	13	0.7700096432015429
GLOBAL	early_fusion	Pop@k	13	40.062384096135304
GLOBAL	early_fusion	Coverage@k	14	0.7757955641272902
GLOBAL	early_fusion	Pop@k	14	40.041655186664826
GLOBAL	early_fusion	Coverage@k	15	0.7837512054001928
GLOBAL	early_fusion	Pop@k	15	40.048280295724844
GLOBAL	early_fusion	Coverage@k	16	0.7895371263259402
GLOBAL	early_fusion	Pop@k	16	40.06952145612343
GLOBAL	early_fusion	Coverage@k	17	0.7967695274831244
GLOBAL	early_fusion	Pop@k	17	40.07724488059448
GLOBAL	early_fusion	Coverage@k	18	0.8025554484088717
GLOBAL	early_fusion	Pop@k	18	40.107401157184185
GLOBAL	early_fusion	Coverage@k	19	0.8078592092574735
GLOBAL	early_fusion	Pop@k	19	40.08994823123383
GLOBAL	early_fusion	Coverage@k	20	0.8119575699132112
GLOBAL	early_fusion	Pop@k	20	40.08060511089682
GLOBAL	late_fusion	Coverage@k	1	0.38162970106075217
GLOBAL	late_fusion	Pop@k	1	39.01229508196721
GLOBAL	late_fusion	Coverage@k	2	0.5007232401157184
GLOBAL	late_fusion	Pop@k	2	39.6321118611379
GLOBAL	late_fusion	Coverage@k	3	0.5665380906460945
GLOBAL	late_fusion	Pop@k	3	39.72412407585985
GLOBAL	late_fusion	Coverage@k	4	0.6142719382835101
GLOBAL	late_fusion	Pop@k	4	39.708654773384765
GLOBAL	late_fusion	Coverage@k	5	0.650433944069431
GLOBAL	late_fusion	Pop@k	5	39.7466730954677
GLOBAL	late_fusion	Coverage@k	6	0.6750241080038573
GLOBAL	late_fusion	Pop@k	6	39.78692542590807
GLOBAL	late_fusion	Coverage@k	7	0.6984088717454194
GLOBAL	late_fusion	Pop@k	7	39.80865132938421
GLOBAL	late_fusion	Coverage@k	8	0.7167309546769528
GLOBAL	late_fusion	Pop@k	8	39.80816055930569
GLOBAL	late_fusion	Coverage@k	9	0.7324011571841852
GLOBAL	late_fusion	Pop@k	9	39.82727954569806
GLOBAL	late_fusion	Coverage@k	10	0.7446962391513983
GLOBAL	late_fusion	Pop@k	10	39.88247348119576
GLOBAL	late_fusion	Coverage@k	11	0.7557859209257474
GLOBAL	late_fusion	Pop@k	11	39.89166739721224
GLOBAL	late_fusion	Coverage@k	12	0.7656702025072324
GLOBAL	late_fusion	Pop@k	12	39.89794278367085
GLOBAL	late_fusion	Coverage@k	13	0.7741080038572806
GLOBAL	late_fusion	Pop@k	13	39.91997997181218
GLOBAL	late_fusion	Coverage@k	14	0.7830279652844745
GLOBAL	late_fusion	Pop@k	14	39.92636726821876
GLOBAL	late_fusion	Coverage@k	15	0.7914657666345226
GLOBAL	late_fusion	Pop@k	15	39.914721954355514
GLOBAL	late_fusion	Coverage@k	16	0.7989392478302797
GLOBAL	late_fusion	Pop@k	16	39.935496022179365
GLOBAL	late_fusion	Coverage@k	17	0.803519768563163
GLOBAL	late_fusion	Pop@k	17	39.95644960009076
GLOBAL	late_fusion	Coverage@k	18	0.8100289296046287
GLOBAL	late_fusion	Pop@k	18	39.96093164041574
GLOBAL	late_fusion	Coverage@k	19	0.8160559305689489
GLOBAL	late_fusion	Pop@k	19	39.98101811906817
GLOBAL	late_fusion	Coverage@k	20	0.8220829315332691
GLOBAL	late_fusion	Pop@k	20	39.95983606557377
GLOBAL	early_AT	Coverage@k	1	0.37439729990356796
GLOBAL	early_AT	Pop@k	1	38.64946962391514
GLOBAL	early_AT	Coverage@k	2	0.5067502410800385
GLOBAL	early_AT	Pop@k	2	38.537246865959496
GLOBAL	early_AT	Coverage@k	3	0.595708775313404
GLOBAL	early_AT	Pop@k	3	38.53801028608165
GLOBAL	early_AT	Coverage@k	4	0.6511571841851495
GLOBAL	early_AT	Pop@k	4	38.49945756991321
GLOBAL	early_AT	Coverage@k	5	0.6933461909353905
GLOBAL	early_AT	Pop@k	5	38.49484088717455
GLOBAL	early_AT	Coverage@k	6	0.7297492767598843
GLOBAL	early_AT	Pop@k	6	38.459257473481195
GLOBAL	early_AT	Coverage@k	7	0.7531340405014465
GLOBAL	early_AT	Pop@k	7	38.40535886485742
GLOBAL	early_AT	Coverage@k	8	0.7748312439729991
GLOBAL	early_AT	Pop@k	8	38.46893081002893
GLOBAL	early_AT	Coverage@k	9	0.7909836065573771
GLOBAL	early_AT	Pop@k	9	38.40442515804136
GLOBAL	early_AT	Coverage@k	10	0.8032786885245902
GLOBAL	early_AT	Pop@k	10	38.43625843780135
GLOBAL	early_AT	Coverage@k	11	0.8170202507232401
GLOBAL	early_AT	Pop@k	11	38.38222144297361
GLOBAL	early_AT	Coverage@k	12	0.8326904532304725
GLOBAL	early_AT	Pop@k	12	38.35934988749598
GLOBAL	early_AT	Coverage@k	13	0.843297974927676
GLOBAL	early_AT	Pop@k	13	38.37044729619465
GLOBAL	early_AT	Coverage@k	14	0.8514946962391514
GLOBAL	early_AT	Pop@k	14	38.369007439041184
GLOBAL	early_AT	Coverage@k	15	0.8589681774349084
GLOBAL	early_AT	Pop@k	15	38.37074895531984
GLOBAL	early_AT	Coverage@k	16	0.866923818707811
GLOBAL	early_AT	Pop@k	16	38.33475470106075
GLOBAL	early_AT	Coverage@k	17	0.8736740597878495
GLOBAL	early_AT	Pop@k	17	38.32633728515515
GLOBAL	early_AT	Coverage@k	18	0.8799421407907425
GLOBAL	early_AT	Pop@k	18	38.309707489553205
GLOBAL	early_AT	Coverage@k	19	0.8857280617164899
GLOBAL	early_AT	Pop@k	19	38.32148657564838
GLOBAL	early_AT	Coverage@k	20	0.889344262295082
GLOBAL	early_AT	Pop@k	20	38.32421648987463
GLOBAL	late_AT	Coverage@k	1	0.3770491803278688
GLOBAL	late_AT	Pop@k	1	38.64874638379942
GLOBAL	late_AT	Coverage@k	2	0.5101253616200578
GLOBAL	late_AT	Pop@k	2	38.44202025072324
GLOBAL	late_AT	Coverage@k	3	0.5947444551591128
GLOBAL	late_AT	Pop@k	3	38.44993571198972
GLOBAL	late_AT	Coverage@k	4	0.6526036644165863
GLOBAL	late_AT	Pop@k	4	38.45063886210222
GLOBAL	late_AT	Coverage@k	5	0.6984088717454194
GLOBAL	late_AT	Pop@k	5	38.415670202507236
GLOBAL	late_AT	Coverage@k	6	0.7307135969141755
GLOBAL	late_AT	Pop@k	6	38.39046930247509
GLOBAL	late_AT	Coverage@k	7	0.758678881388621
GLOBAL	late_AT	Pop@k	7	38.403120264499236
GLOBAL	late_AT	Coverage@k	8	0.781099324975892
GLOBAL	late_AT	Pop@k	8	38.385667791706844
GLOBAL	late_AT	Coverage@k	9	0.8008678881388621
GLOBAL	late_AT	Pop@k	9	38.35658416372013
GLOBAL	late_AT	Coverage@k	10	0.8187078109932497
GLOBAL	late_AT	Pop@k	10	38.31827386692382
GLOBAL	late_AT	Coverage@k	11	0.8288331726133076
GLOBAL	late_AT	Pop@k	11	38.309634434996056
GLOBAL	late_AT	Coverage@k	12	0.839440694310511
GLOBAL	late_AT	Pop@k	12	38.29920041787207
GLOBAL	late_AT	Coverage@k	13	0.8493249758919962
GLOBAL	late_AT	Pop@k	13	38.29163266819969
GLOBAL	late_AT	Coverage@k	14	0.857039537126326
GLOBAL	late_AT	Pop@k	14	38.271456123432976
GLOBAL	late_AT	Coverage@k	15	0.8649951783992286
GLOBAL	late_AT	Pop@k	15	38.283879781420765
GLOBAL	late_AT	Coverage@k	16	0.8719864995178399
GLOBAL	late_AT	Pop@k	16	38.29368068948891
GLOBAL	late_AT	Coverage@k	17	0.8777724204435873
GLOBAL	late_AT	Pop@k	17	38.29264280446991
GLOBAL	late_AT	Coverage@k	18	0.8828351012536162
GLOBAL	late_AT	Pop@k	18	38.29912675452694
GLOBAL	late_AT	Coverage@k	19	0.8891031822565092
GLOBAL	late_AT	Pop@k	19	38.29591940313658
GLOBAL	late_AT	Coverage@k	20	0.8927193828351012
GLOBAL	late_AT	Pop@k	20	38.29177917068466
GLOBAL	early_AV	Coverage@k	1	0.4652844744455159
GLOBAL	early_AV	Pop@k	1	37.37560270009643
GLOBAL	early_AV	Coverage@k	2	0.601976856316297
GLOBAL	early_AV	Pop@k	2	37.62536162005786
GLOBAL	early_AV	Coverage@k	3	0.6745419479267116
GLOBAL	early_AV	Pop@k	3	37.615477338476374
GLOBAL	early_AV	Coverage@k	4	0.7186595949855352
GLOBAL	early_AV	Pop@k	4	37.74626325940212
GLOBAL	early_AV	Coverage@k	5	0.752410800385728
GLOBAL	early_AV	Pop@k	5	37.78929604628737
GLOBAL	early_AV	Coverage@k	6	0.7779652844744455
GLOBAL	early_AV	Pop@k	6	37.85856637737062
GLOBAL	early_AV	Coverage@k	7	0.79725168756027
GLOBAL	early_AV	Pop@k	7	37.91548422647748
GLOBAL	early_AV	Coverage@k	8	0.809787849566056
GLOBAL	early_AV	Pop@k	8	37.99457569913211
GLOBAL	early_AV	Coverage@k	9	0.8216007714561234
GLOBAL	early_AV	Pop@k	9	38.04607307403836
GLOBAL	early_AV	Coverage@k	10	0.8329315332690453
GLOBAL	early_AV	Pop@k	10	38.07010607521697
GLOBAL	early_AV	Coverage@k	11	0.8416104146576664
GLOBAL	early_AV	Pop@k	11	38.085846410099066
GLOBAL	early_AV	Coverage@k	12	0.8483606557377049
GLOBAL	early_AV	Pop@k	12	38.1085261973642
GLOBAL	early_AV	Coverage@k	13	0.8539054966248795
GLOBAL	early_AV	Pop@k	13	38.15330835991395
GLOBAL	early_AV	Coverage@k	14	0.8599324975891997
GLOBAL	early_AV	Pop@k	14	38.168687146989946
GLOBAL	early_AV	Coverage@k	15	0.8652362584378014
GLOBAL	early_AV	Pop@k	15	38.21825779492125
GLOBAL	early_AV	Coverage@k	16	0.8702989392478303
GLOBAL	early_AV	Pop@k	16	38.251868370298936
GLOBAL	early_AV	Coverage@k	17	0.8746383799421408
GLOBAL	early_AV	Pop@k	17	38.28636054228828
GLOBAL	early_AV	Coverage@k	18	0.8799421407907425
GLOBAL	early_AV	Pop@k	18	38.309707489553205
GLOBAL	early_AV	Coverage@k	19	0.8840405014464803
GLOBAL	early_AV	Pop@k	19	38.33181495203775
GLOBAL	early_AV	Coverage@k	20	0.8866923818707811
GLOBAL	early_AV	Pop@k	20	38.34531099324976
GLOBAL	late_AV	Coverage@k	1	0.4710703953712633
GLOBAL	late_AV	Pop@k	1	37.256509161041464
GLOBAL	late_AV	Coverage@k	2	0.6116200578592093
GLOBAL	late_AV	Pop@k	2	37.39838476374156
GLOBAL	late_AV	Coverage@k	3	0.6829797492767599
GLOBAL	late_AV	Pop@k	3	37.46118611378978
GLOBAL	late_AV	Coverage@k	4	0.7290260366441659
GLOBAL	late_AV	Pop@k	4	37.5749156219865
GLOBAL	late_AV	Coverage@k	5	0.7620540019286403
GLOBAL	late_AV	Pop@k	5	37.62892960462873
GLOBAL	late_AV	Coverage@k	6	0.78351012536162
GLOBAL	late_AV	Pop@k	6	37.65344744455159
GLOBAL	late_AV	Coverage@k	7	0.8056894889103182
GLOBAL	late_AV	Pop@k	7	37.68301418928227
GLOBAL	late_AV	Coverage@k	8	0.8211186113789778
GLOBAL	late_AV	Pop@k	8	37.73128616200579
GLOBAL	late_AV	Coverage@k	9	0.8341369334619093
GLOBAL	late_AV	Pop@k	9	37.74016929176042
GLOBAL	late_AV	Coverage@k	10	0.8447444551591128
GLOBAL	late_AV	Pop@k	10	37.80318225650916
GLOBAL	late_AV	Coverage@k	11	0.8539054966248795
GLOBAL	late_AV	Pop@k	11	37.87604102743929
GLOBAL	late_AV	Coverage@k	12	0.8616200578592093
GLOBAL	late_AV	Pop@k	12	37.892880102860815
GLOBAL	late_AV	Coverage@k	13	0.8674059787849566
GLOBAL	late_AV	Pop@k	13	37.952247607744226
GLOBAL	late_AV	Coverage@k	14	0.8741562198649951
GLOBAL	late_AV	Pop@k	14	37.97422165587546
GLOBAL	late_AV	Coverage@k	15	0.8799421407907425
GLOBAL	late_AV	Pop@k	15	38.02920282867245
GLOBAL	late_AV	Coverage@k	16	0.8847637415621986
GLOBAL	late_AV	Pop@k	16	38.05326362102218
GLOBAL	late_AV	Coverage@k	17	0.8898264223722275
GLOBAL	late_AV	Pop@k	17	38.07464972488513
GLOBAL	late_AV	Coverage@k	18	0.8941658630665381
GLOBAL	late_AV	Pop@k	18	38.07044894460516
GLOBAL	late_AV	Coverage@k	19	0.8977820636451301
GLOBAL	late_AV	Pop@k	19	38.09260011165812
GLOBAL	late_AV	Coverage@k	20	0.900433944069431
GLOBAL	late_AV	Pop@k	20	38.103302796528446
GLOBAL	early_TV	Coverage@k	1	0.38645130183220827
GLOBAL	early_TV	Pop@k	1	39.10486981677917
GLOBAL	early_TV	Coverage@k	2	0.5084378013500482
GLOBAL	early_TV	Pop@k	2	39.34112825458052
GLOBAL	early_TV	Coverage@k	3	0.5742526518804243
GLOBAL	early_TV	Pop@k	3	39.518000642880104
GLOBAL	early_TV	Coverage@k	4	0.6174059787849566
GLOBAL	early_TV	Pop@k	4	39.545081967213115
GLOBAL	early_TV	Coverage@k	5	0.6595949855351977
GLOBAL	early_TV	Pop@k	5	39.65216972034716
GLOBAL	early_TV	Coverage@k	6	0.6914175506268081
GLOBAL	early_TV	Pop@k	6	39.674140147862424
GLOBAL	early_TV	Coverage@k	7	0.710221793635487
GLOBAL	early_TV	Pop@k	7	39.682807549249205
GLOBAL	early_TV	Coverage@k	8	0.7292671166827387
GLOBAL	early_TV	Pop@k	8	39.67565694310511
GLOBAL	early_TV	Coverage@k	9	0.7430086788813887
GLOBAL	early_TV	Pop@k	9	39.666104146576664
GLOBAL	early_TV	Coverage@k	10	0.7581967213114754
GLOBAL	early_TV	Pop@k	10	39.66733365477338
GLOBAL	early_TV	Coverage@k	11	0.7707328833172613
GLOBAL	early_TV	Pop@k	11	39.65779784342948
GLOBAL	early_TV	Coverage@k	12	0.7813404050144648
GLOBAL	early_TV	Pop@k	12	39.674762937962065
GLOBAL	early_TV	Coverage@k	13	0.7914657666345226
GLOBAL	early_TV	Pop@k	13	39.68566871893776
GLOBAL	early_TV	Coverage@k	14	0.799662487945998
GLOBAL	early_TV	Pop@k	14	39.673767047802734
GLOBAL	early_TV	Coverage@k	15	0.8054484088717454
GLOBAL	early_TV	Pop@k	15	39.65882352941176
GLOBAL	early_TV	Coverage@k	16	0.8107521697203471
GLOBAL	early_TV	Pop@k	16	39.64966550144648
GLOBAL	early_TV	Coverage@k	17	0.8165380906460945
GLOBAL	early_TV	Pop@k	17	39.64335753587839
GLOBAL	early_TV	Coverage@k	18	0.8203953712632595
GLOBAL	early_TV	Pop@k	18	39.630384120861464
GLOBAL	early_TV	Coverage@k	19	0.8254580520732884
GLOBAL	early_TV	Pop@k	19	39.63067806932954
GLOBAL	early_TV	Coverage@k	20	0.8324493731918997
GLOBAL	early_TV	Pop@k	20	39.62779652844744
GLOBAL	late_TV	Coverage@k	1	0.39151398264223725
GLOBAL	late_TV	Pop@k	1	39.024831243973
GLOBAL	late_TV	Coverage@k	2	0.5156702025072324
GLOBAL	late_TV	Pop@k	2	39.21371745419479
GLOBAL	late_TV	Coverage@k	3	0.5790742526518804
GLOBAL	late_TV	Pop@k	3	39.44013179042109
GLOBAL	late_TV	Coverage@k	4	0.6292189006750241
GLOBAL	late_TV	Pop@k	4	39.470949855351975
GLOBAL	late_TV	Coverage@k	5	0.6668273866923818
GLOBAL	late_TV	Pop@k	5	39.46957569913211
GLOBAL	late_TV	Coverage@k	6	0.6967213114754098
GLOBAL	late_TV	Pop@k	6	39.46142719382835
GLOBAL	late_TV	Coverage@k	7	0.7157666345226615
GLOBAL	late_TV	Pop@k	7	39.54125912660145
GLOBAL	late_TV	Coverage@k	8	0.7355351976856316
GLOBAL	late_TV	Pop@k	8	39.51539898746384
GLOBAL	late_TV	Coverage@k	9	0.7514464802314368
GLOBAL	late_TV	Pop@k	9	39.51510768241723
GLOBAL	late_TV	Coverage@k	10	0.7651880424300868
GLOBAL	late_TV	Pop@k	10	39.56393442622951
GLOBAL	late_TV	Coverage@k	11	0.7757955641272902
GLOBAL	late_TV	Pop@k	11	39.54639694924169
GLOBAL	late_TV	Coverage@k	12	0.7856798457087754
GLOBAL	late_TV	Pop@k	12	39.52909032465445
GLOBAL	late_TV	Coverage@k	13	0.7953230472516876
GLOBAL	late_TV	Pop@k	13	39.531173503449295
GLOBAL	late_TV	Coverage@k	14	0.8030376084860174
GLOBAL	late_TV	Pop@k	14	39.54456536713045
GLOBAL	late_TV	Coverage@k	15	0.809787849566056
GLOBAL	late_TV	Pop@k	15	39.5300225008036
GLOBAL	late_TV	Coverage@k	16	0.8162970106075217
GLOBAL	late_TV	Pop@k	16	39.53212391513983
GLOBAL	late_TV	Coverage@k	17	0.8216007714561234
GLOBAL	late_TV	Pop@k	17	39.52208009529752
GLOBAL	late_TV	Coverage@k	18	0.8259402121504339
GLOBAL	late_TV	Pop@k	18	39.50447337404908
GLOBAL	late_TV	Coverage@k	19	0.8305207328833173
GLOBAL	late_TV	Pop@k	19	39.510252245850886
GLOBAL	late_TV	Coverage@k	20	0.8353423336547734
GLOBAL	late_TV	Pop@k	20	39.51247589199614
GLOBAL	early_ATV	Coverage@k	1	0.3789778206364513
GLOBAL	early_ATV	Pop@k	1	39.18683702989392
GLOBAL	early_ATV	Coverage@k	2	0.49397299903567987
GLOBAL	early_ATV	Pop@k	2	39.83678881388621
GLOBAL	early_ATV	Coverage@k	3	0.56099324975892
GLOBAL	early_ATV	Pop@k	3	39.840565734490525
GLOBAL	early_ATV	Coverage@k	4	0.6089681774349084
GLOBAL	early_ATV	Pop@k	4	39.8904893924783
GLOBAL	early_ATV	Coverage@k	5	0.6419961427193829
GLOBAL	early_ATV	Pop@k	5	39.995949855351974
GLOBAL	early_ATV	Coverage@k	6	0.6682738669238187
GLOBAL	early_ATV	Pop@k	6	39.99975891996143
GLOBAL	early_ATV	Coverage@k	7	0.6909353905496625
GLOBAL	early_ATV	Pop@k	7	40.00378840060615
GLOBAL	early_ATV	Coverage@k	8	0.7061234329797492
GLOBAL	early_ATV	Pop@k	8	40.00455038572806
GLOBAL	early_ATV	Coverage@k	9	0.7227579556412729
GLOBAL	early_ATV	Pop@k	9	39.98462445087325
GLOBAL	early_ATV	Coverage@k	10	0.7352941176470589
GLOBAL	early_ATV	Pop@k	10	39.99021215043394
GLOBAL	early_ATV	Coverage@k	11	0.7473481195756991
GLOBAL	early_ATV	Pop@k	11	40.023340931007276
GLOBAL	early_ATV	Coverage@k	12	0.7579556412729026
GLOBAL	early_ATV	Pop@k	12	40.02655898424944
GLOBAL	early_ATV	Coverage@k	13	0.7700096432015429
GLOBAL	early_ATV	Pop@k	13	40.062384096135304
GLOBAL	early_ATV	Coverage@k	14	0.7757955641272902
GLOBAL	early_ATV	Pop@k	14	40.041655186664826
GLOBAL	early_ATV	Coverage@k	15	0.7837512054001928
GLOBAL	early_ATV	Pop@k	15	40.048280295724844
GLOBAL	early_ATV	Coverage@k	16	0.7895371263259402
GLOBAL	early_ATV	Pop@k	16	40.06952145612343
GLOBAL	early_ATV	Coverage@k	17	0.7967695274831244
GLOBAL	early_ATV	Pop@k	17	40.07724488059448
GLOBAL	early_ATV	Coverage@k	18	0.8025554484088717
GLOBAL	early_ATV	Pop@k	18	40.107401157184185
GLOBAL	early_ATV	Coverage@k	19	0.8078592092574735
GLOBAL	early_ATV	Pop@k	19	40.08994823123383
GLOBAL	early_ATV	Coverage@k	20	0.8119575699132112
GLOBAL	early_ATV	Pop@k	20	40.08060511089682
GLOBAL	late_ATV	Coverage@k	1	0.38162970106075217
GLOBAL	late_ATV	Pop@k	1	39.01229508196721
GLOBAL	late_ATV	Coverage@k	2	0.5007232401157184
GLOBAL	late_ATV	Pop@k	2	39.6321118611379
GLOBAL	late_ATV	Coverage@k	3	0.5665380906460945
GLOBAL	late_ATV	Pop@k	3	39.72412407585985
GLOBAL	late_ATV	Coverage@k	4	0.6142719382835101
GLOBAL	late_ATV	Pop@k	4	39.708654773384765
GLOBAL	late_ATV	Coverage@k	5	0.650433944069431
GLOBAL	late_ATV	Pop@k	5	39.7466730954677
GLOBAL	late_ATV	Coverage@k	6	0.6750241080038573
GLOBAL	late_ATV	Pop@k	6	39.78692542590807
GLOBAL	late_ATV	Coverage@k	7	0.6984088717454194
GLOBAL	late_ATV	Pop@k	7	39.80865132938421
GLOBAL	late_ATV	Coverage@k	8	0.7167309546769528
GLOBAL	late_ATV	Pop@k	8	39.80816055930569
GLOBAL	late_ATV	Coverage@k	9	0.7324011571841852
GLOBAL	late_ATV	Pop@k	9	39.82727954569806
GLOBAL	late_ATV	Coverage@k	10	0.7446962391513983
GLOBAL	late_ATV	Pop@k	10	39.88247348119576
GLOBAL	late_ATV	Coverage@k	11	0.7557859209257474
GLOBAL	late_ATV	Pop@k	11	39.89166739721224
GLOBAL	late_ATV	Coverage@k	12	0.7656702025072324
GLOBAL	late_ATV	Pop@k	12	39.89794278367085
GLOBAL	late_ATV	Coverage@k	13	0.7741080038572806
GLOBAL	late_ATV	Pop@k	13	39.91997997181218
GLOBAL	late_ATV	Coverage@k	14	0.7830279652844745
GLOBAL	late_ATV	Pop@k	14	39.92636726821876
GLOBAL	late_ATV	Coverage@k	15	0.7914657666345226
GLOBAL	late_ATV	Pop@k	15	39.914721954355514
GLOBAL	late_ATV	Coverage@k	16	0.7989392478302797
GLOBAL	late_ATV	Pop@k	16	39.935496022179365
GLOBAL	late_ATV	Coverage@k	17	0.803519768563163
GLOBAL	late_ATV	Pop@k	17	39.95644960009076
GLOBAL	late_ATV	Coverage@k	18	0.8100289296046287
GLOBAL	late_ATV	Pop@k	18	39.96093164041574
GLOBAL	late_ATV	Coverage@k	19	0.8160559305689489
GLOBAL	late_ATV	Pop@k	19	39.98101811906817
GLOBAL	late_ATV	Coverage@k	20	0.8220829315332691
GLOBAL	late_ATV	Pop@k	20	39.95983606557377
GLOBAL	lyrics_lyrics	Coverage@k	1	0.5882352941176471
GLOBAL	lyrics_lyrics	Pop@k	1	35.728302796528446
GLOBAL	lyrics_lyrics	Coverage@k	2	0.7704918032786885
GLOBAL	lyrics_lyrics	Pop@k	2	35.661644165863066
GLOBAL	lyrics_lyrics	Coverage@k	3	0.8488428158148505
GLOBAL	lyrics_lyrics	Pop@k	3	35.592414014786236
GLOBAL	lyrics_lyrics	Coverage@k	4	0.8927193828351012
GLOBAL	lyrics_lyrics	Pop@k	4	35.557316779170684
GLOBAL	lyrics_lyrics	Coverage@k	5	0.9192381870781099
GLOBAL	lyrics_lyrics	Pop@k	5	35.52160077145612
GLOBAL	lyrics_lyrics	Coverage@k	6	0.9346673095467696
GLOBAL	lyrics_lyrics	Pop@k	6	35.51884442301511
GLOBAL	lyrics_lyrics	Coverage@k	7	0.9474445515911283
GLOBAL	lyrics_lyrics	Pop@k	7	35.51077972172476
GLOBAL	lyrics_lyrics	Coverage@k	8	0.9549180327868853
GLOBAL	lyrics_lyrics	Pop@k	8	35.48683100289296
GLOBAL	lyrics_lyrics	Coverage@k	9	0.9616682738669238
GLOBAL	lyrics_lyrics	Pop@k	9	35.486151291117544
GLOBAL	lyrics_lyrics	Coverage@k	10	0.9662487945998072
GLOBAL	lyrics_lyrics	Pop@k	10	35.4705400192864
GLOBAL	lyrics_lyrics	Coverage@k	11	0.9703471552555448
GLOBAL	lyrics_lyrics	Pop@k	11	35.477930218287014
GLOBAL	lyrics_lyrics	Coverage@k	12	0.9732401157184185
GLOBAL	lyrics_lyrics	Pop@k	12	35.48099485695918
GLOBAL	lyrics_lyrics	Coverage@k	13	0.976374156219865
GLOBAL	lyrics_lyrics	Pop@k	13	35.48703731177213
GLOBAL	lyrics_lyrics	Coverage@k	14	0.9780617164898746
GLOBAL	lyrics_lyrics	Pop@k	14	35.48612067777931
GLOBAL	lyrics_lyrics	Coverage@k	15	0.9814368370298939
GLOBAL	lyrics_lyrics	Pop@k	15	35.46565413050466
GLOBAL	lyrics_lyrics	Coverage@k	16	0.9836065573770492
GLOBAL	lyrics_lyrics	Pop@k	16	35.46153266634523
GLOBAL	lyrics_lyrics	Coverage@k	17	0.9848119575699132
GLOBAL	lyrics_lyrics	Pop@k	17	35.45138691928073
GLOBAL	lyrics_lyrics	Coverage@k	18	0.9869816779170685
GLOBAL	lyrics_lyrics	Pop@k	18	35.451596485588766
GLOBAL	lyrics_lyrics	Coverage@k	19	0.9891513982642237
GLOBAL	lyrics_lyrics	Pop@k	19	35.47331624625692
GLOBAL	lyrics_lyrics	Coverage@k	20	0.990115718418515
GLOBAL	lyrics_lyrics	Pop@k	20	35.450470106075215
GLOBAL	audio_audio	Coverage@k	1	0.5959498553519769
GLOBAL	audio_audio	Pop@k	1	35.59619093539055
GLOBAL	audio_audio	Coverage@k	2	0.7791706846673095
GLOBAL	audio_audio	Pop@k	2	35.56316297010608
GLOBAL	audio_audio	Coverage@k	3	0.8565573770491803
GLOBAL	audio_audio	Pop@k	3	35.52346512375442
GLOBAL	audio_audio	Coverage@k	4	0.8922372227579557
GLOBAL	audio_audio	Pop@k	4	35.55038572806172
GLOBAL	audio_audio	Coverage@k	5	0.920443587270974
GLOBAL	audio_audio	Pop@k	5	35.51832208293153
GLOBAL	audio_audio	Coverage@k	6	0.9387656702025072
GLOBAL	audio_audio	Pop@k	6	35.47958855673417
GLOBAL	audio_audio	Coverage@k	7	0.9486499517839923
GLOBAL	audio_audio	Pop@k	7	35.50716352114616
GLOBAL	audio_audio	Coverage@k	8	0.9592574734811957
GLOBAL	audio_audio	Pop@k	8	35.51853302796528
GLOBAL	audio_audio	Coverage@k	9	0.9650433944069431
GLOBAL	audio_audio	Pop@k	9	35.52469731061824
GLOBAL	audio_audio	Coverage@k	10	0.9710703953712633
GLOBAL	audio_audio	Pop@k	10	35.50062680810029
GLOBAL	audio_audio	Coverage@k	11	0.9756509161041466
GLOBAL	audio_audio	Pop@k	11	35.479464363987034
GLOBAL	audio_audio	Coverage@k	12	0.9797492767598843
GLOBAL	audio_audio	Pop@k	12	35.44682176149148
GLOBAL	audio_audio	Coverage@k	13	0.9821600771456124
GLOBAL	audio_audio	Pop@k	13	35.45100511831467
GLOBAL	audio_audio	Coverage@k	14	0.9831243972999035
GLOBAL	audio_audio	Pop@k	14	35.443156770905084
GLOBAL	audio_audio	Coverage@k	15	0.9848119575699132
GLOBAL	audio_audio	Pop@k	15	35.43220829315333
GLOBAL	audio_audio	Coverage@k	16	0.98625843780135
GLOBAL	audio_audio	Pop@k	16	35.442653085824496
GLOBAL	audio_audio	Coverage@k	17	0.9872227579556413
GLOBAL	audio_audio	Pop@k	17	35.44056667990243
GLOBAL	audio_audio	Coverage@k	18	0.9879459980713597
GLOBAL	audio_audio	Pop@k	18	35.423416907746706
GLOBAL	audio_audio	Coverage@k	19	0.9889103182256509
GLOBAL	audio_audio	Pop@k	19	35.43422321473887
GLOBAL	audio_audio	Coverage@k	20	0.9896335583413693
GLOBAL	audio_audio	Pop@k	20	35.434546769527486
GLOBAL	video_lyrics	Coverage@k	1	0.4889103182256509
GLOBAL	video_lyrics	Pop@k	1	36.819189971070394
GLOBAL	video_lyrics	Coverage@k	2	0.6615236258437801
GLOBAL	video_lyrics	Pop@k	2	36.814850530376084
GLOBAL	video_lyrics	Coverage@k	3	0.7468659594985535
GLOBAL	video_lyrics	Pop@k	3	36.74091931854709
GLOBAL	video_lyrics	Coverage@k	4	0.7994214079074252
GLOBAL	video_lyrics	Pop@k	4	36.78079797492767
GLOBAL	video_lyrics	Coverage@k	5	0.8322082931533269
GLOBAL	video_lyrics	Pop@k	5	36.80655737704918
GLOBAL	video_lyrics	Coverage@k	6	0.859450337512054
GLOBAL	video_lyrics	Pop@k	6	36.78756830601093
GLOBAL	video_lyrics	Coverage@k	7	0.8780135004821601
GLOBAL	video_lyrics	Pop@k	7	36.705641272902604
GLOBAL	video_lyrics	Coverage@k	8	0.8932015429122468
GLOBAL	video_lyrics	Pop@k	8	36.71209016393443
GLOBAL	video_lyrics	Coverage@k	9	0.9057377049180327
GLOBAL	video_lyrics	Pop@k	9	36.7268027429551
GLOBAL	video_lyrics	Coverage@k	10	0.9151398264223722
GLOBAL	video_lyrics	Pop@k	10	36.70224204435873
GLOBAL	video_lyrics	Coverage@k	11	0.9259884281581485
GLOBAL	video_lyrics	Pop@k	11	36.676317173665296
GLOBAL	video_lyrics	Coverage@k	12	0.9300867888138862
GLOBAL	video_lyrics	Pop@k	12	36.63785760205721
GLOBAL	video_lyrics	Coverage@k	13	0.9349083895853423
GLOBAL	video_lyrics	Pop@k	13	36.63240857503152
GLOBAL	video_lyrics	Coverage@k	14	0.9394889103182257
GLOBAL	video_lyrics	Pop@k	14	36.622468659594986
GLOBAL	video_lyrics	Coverage@k	15	0.9435872709739633
GLOBAL	video_lyrics	Pop@k	15	36.62986178077789
GLOBAL	video_lyrics	Coverage@k	16	0.9484088717454194
GLOBAL	video_lyrics	Pop@k	16	36.612102217936354
GLOBAL	video_lyrics	Coverage@k	17	0.9520250723240116
GLOBAL	video_lyrics	Pop@k	17	36.60228884224856
GLOBAL	video_lyrics	Coverage@k	18	0.9549180327868853
GLOBAL	video_lyrics	Pop@k	18	36.5777081324333
GLOBAL	video_lyrics	Coverage@k	19	0.9573288331726133
GLOBAL	video_lyrics	Pop@k	19	36.57198142414861
GLOBAL	video_lyrics	Coverage@k	20	0.9592574734811957
GLOBAL	video_lyrics	Pop@k	20	36.55166345226615
GLOBAL	lyrics_audio	Coverage@k	1	0.20033751205400194
GLOBAL	lyrics_audio	Pop@k	1	37.60486981677917
GLOBAL	lyrics_audio	Coverage@k	2	0.28399228543876565
GLOBAL	lyrics_audio	Pop@k	2	37.58871745419479
GLOBAL	lyrics_audio	Coverage@k	3	0.328351012536162
GLOBAL	lyrics_audio	Pop@k	3	36.74670523947283
GLOBAL	lyrics_audio	Coverage@k	4	0.3555930568948891
GLOBAL	lyrics_audio	Pop@k	4	37.88006268081003
GLOBAL	lyrics_audio	Coverage@k	5	0.37367405978784957
GLOBAL	lyrics_audio	Pop@k	5	37.37801350048216
GLOBAL	lyrics_audio	Coverage@k	6	0.390549662487946
GLOBAL	lyrics_audio	Pop@k	6	36.97219543555128
GLOBAL	lyrics_audio	Coverage@k	7	0.4026036644165863
GLOBAL	lyrics_audio	Pop@k	7	36.066813610690176
GLOBAL	lyrics_audio	Coverage@k	8	0.41297010607521695
GLOBAL	lyrics_audio	Pop@k	8	34.71465163934426
GLOBAL	lyrics_audio	Coverage@k	9	0.4218900675024108
GLOBAL	lyrics_audio	Pop@k	9	35.03431372549019
GLOBAL	lyrics_audio	Coverage@k	10	0.4276759884281581
GLOBAL	lyrics_audio	Pop@k	10	34.47808582449373
GLOBAL	lyrics_audio	Coverage@k	11	0.43201542912246865
GLOBAL	lyrics_audio	Pop@k	11	33.92454194792671
GLOBAL	lyrics_audio	Coverage@k	12	0.43514946962391515
GLOBAL	lyrics_audio	Pop@k	12	33.2699493731919
GLOBAL	lyrics_audio	Coverage@k	13	0.44021215043394407
GLOBAL	lyrics_audio	Pop@k	13	33.47511312217195
GLOBAL	lyrics_audio	Coverage@k	14	0.44358727097396333
GLOBAL	lyrics_audio	Pop@k	14	32.83866579418653
GLOBAL	lyrics_audio	Coverage@k	15	0.44720347155255546
GLOBAL	lyrics_audio	Pop@k	15	33.09164255866281
GLOBAL	lyrics_audio	Coverage@k	16	0.45081967213114754
GLOBAL	lyrics_audio	Pop@k	16	33.20063886210222
GLOBAL	lyrics_audio	Coverage@k	17	0.4541947926711668
GLOBAL	lyrics_audio	Pop@k	17	33.14573997390663
GLOBAL	lyrics_audio	Coverage@k	18	0.4582931533269045
GLOBAL	lyrics_audio	Pop@k	18	32.95080627879567
GLOBAL	lyrics_audio	Coverage@k	19	0.4621504339440694
GLOBAL	lyrics_audio	Pop@k	19	33.024196822818865
GLOBAL	lyrics_audio	Coverage@k	20	0.4652844744455159
GLOBAL	lyrics_audio	Pop@k	20	33.03651157184186
GLOBAL	video_audio	Coverage@k	1	0.5851012536162006
GLOBAL	video_audio	Pop@k	1	35.96166827386693
GLOBAL	video_audio	Coverage@k	2	0.7791706846673095
GLOBAL	video_audio	Pop@k	2	36.06135486981678
GLOBAL	video_audio	Coverage@k	3	0.8688524590163934
GLOBAL	video_audio	Pop@k	3	35.96560591449695
GLOBAL	video_audio	Coverage@k	4	0.9100771456123433
GLOBAL	video_audio	Pop@k	4	36.03941658630665
GLOBAL	video_audio	Coverage@k	5	0.9385245901639344
GLOBAL	video_audio	Pop@k	5	35.94127290260367
GLOBAL	video_audio	Coverage@k	6	0.9551591128254581
GLOBAL	video_audio	Pop@k	6	35.943346190935394
GLOBAL	video_audio	Coverage@k	7	0.9633558341369335
GLOBAL	video_audio	Pop@k	7	35.92374982779997
GLOBAL	video_audio	Coverage@k	8	0.9720347155255545
GLOBAL	video_audio	Pop@k	8	35.9031762295082
GLOBAL	video_audio	Coverage@k	9	0.9787849566055931
GLOBAL	video_audio	Pop@k	9	35.899737490624666
GLOBAL	video_audio	Coverage@k	10	0.9840887174541948
GLOBAL	video_audio	Pop@k	10	35.914392478302794
GLOBAL	video_audio	Coverage@k	11	0.9867405978784957
GLOBAL	video_audio	Pop@k	11	35.88851144034365
GLOBAL	video_audio	Coverage@k	12	0.9881870781099324
GLOBAL	video_audio	Pop@k	12	35.89281983285118
GLOBAL	video_audio	Coverage@k	13	0.9908389585342333
GLOBAL	video_audio	Pop@k	13	35.894221496921595
GLOBAL	video_audio	Coverage@k	14	0.9920443587270974
GLOBAL	video_audio	Pop@k	14	35.897437663590026
GLOBAL	video_audio	Coverage@k	15	0.992526518804243
GLOBAL	video_audio	Pop@k	15	35.886660237865634
GLOBAL	video_audio	Coverage@k	16	0.9939729990356798
GLOBAL	video_audio	Pop@k	16	35.884296648987466
GLOBAL	video_audio	Coverage@k	17	0.9942140790742526
GLOBAL	video_audio	Pop@k	17	35.884820466277155
GLOBAL	video_audio	Coverage@k	18	0.9951783992285439
GLOBAL	video_audio	Pop@k	18	35.87427675988428
GLOBAL	video_audio	Coverage@k	19	0.9959016393442623
GLOBAL	video_audio	Pop@k	19	35.88646399025529
GLOBAL	video_audio	Coverage@k	20	0.996142719382835
GLOBAL	video_audio	Pop@k	20	35.87569913211186
GLOBAL	nn_late_fusion	Coverage@k	1	0.5655737704918032
GLOBAL	nn_late_fusion	Pop@k	1	35.771697203471554
GLOBAL	nn_late_fusion	Coverage@k	2	0.7584378013500482
GLOBAL	nn_late_fusion	Pop@k	2	35.810149469623916
GLOBAL	nn_late_fusion	Coverage@k	3	0.8404050144648023
GLOBAL	nn_late_fusion	Pop@k	3	35.80118932819029
GLOBAL	nn_late_fusion	Coverage@k	4	0.8864513018322083
GLOBAL	nn_late_fusion	Pop@k	4	35.78495660559306
GLOBAL	nn_late_fusion	Coverage@k	5	0.9134522661523626
GLOBAL	nn_late_fusion	Pop@k	5	35.795901639344265
GLOBAL	nn_late_fusion	Coverage@k	6	0.9322565091610414
GLOBAL	nn_late_fusion	Pop@k	6	35.834337833494054
GLOBAL	nn_late_fusion	Coverage@k	7	0.9421407907425265
GLOBAL	nn_late_fusion	Pop@k	7	35.882731781237084
GLOBAL	nn_late_fusion	Coverage@k	8	0.9534715525554484
GLOBAL	nn_late_fusion	Pop@k	8	35.93843418514947
GLOBAL	nn_late_fusion	Coverage@k	9	0.9604628736740598
GLOBAL	nn_late_fusion	Pop@k	9	35.91551483981571
GLOBAL	nn_late_fusion	Coverage@k	10	0.9660077145612344
GLOBAL	nn_late_fusion	Pop@k	10	35.90094021215044
GLOBAL	nn_late_fusion	Coverage@k	11	0.9686595949855352
GLOBAL	nn_late_fusion	Pop@k	11	35.89416586306654
GLOBAL	nn_late_fusion	Coverage@k	12	0.9742044358727098
GLOBAL	nn_late_fusion	Pop@k	12	35.90119736419158
GLOBAL	nn_late_fusion	Coverage@k	13	0.9773384763741563
GLOBAL	nn_late_fusion	Pop@k	13	35.91146799198873
GLOBAL	nn_late_fusion	Coverage@k	14	0.9792671166827387
GLOBAL	nn_late_fusion	Pop@k	14	35.925230748036924
GLOBAL	nn_late_fusion	Coverage@k	15	0.982642237222758
GLOBAL	nn_late_fusion	Pop@k	15	35.906814529090326
GLOBAL	nn_late_fusion	Coverage@k	16	0.9840887174541948
GLOBAL	nn_late_fusion	Pop@k	16	35.90522540983606
GLOBAL	nn_late_fusion	Coverage@k	17	0.9857762777242044
GLOBAL	nn_late_fusion	Pop@k	17	35.911863974133524
GLOBAL	nn_late_fusion	Coverage@k	18	0.9872227579556413
GLOBAL	nn_late_fusion	Pop@k	18	35.931653809064606
GLOBAL	nn_late_fusion	Coverage@k	19	0.9879459980713597
GLOBAL	nn_late_fusion	Pop@k	19	35.93160939958383
GLOBAL	nn_late_fusion	Coverage@k	20	0.9884281581485053
GLOBAL	nn_late_fusion	Pop@k	20	35.91708052073288
